account_link,search_keywords
https://www.linkedin.com/in/vadim-sadykov,frontend
https://www.linkedin.com/in/vadim-sadykov,frontend
https://www.linkedin.com/in/ACoAADta9FgB_futxtmjKMyAPcONL3j87rikBVE,frontend
https://www.linkedin.com/in/artem-volkov-060965185,frontend
https://www.linkedin.com/in/artem-volkov-060965185,frontend
https://www.linkedin.com/in/ACoAAAwULysB9ESOWuq9KUe2R3NJcB3hy6RkKKM,frontend
https://www.linkedin.com/in/alfrolov016,frontend
https://www.linkedin.com/in/alfrolov016,frontend
https://www.linkedin.com/in/ACoAAAwULysB9ESOWuq9KUe2R3NJcB3hy6RkKKM,frontend
https://www.linkedin.com/in/juliazayka-275869221,frontend
https://www.linkedin.com/in/juliazayka-275869221,frontend
https://www.linkedin.com/in/ACoAAAwULysB9ESOWuq9KUe2R3NJcB3hy6RkKKM,frontend
https://www.linkedin.com/in/murad-ibragimov-369345242,frontend
https://www.linkedin.com/in/murad-ibragimov-369345242,frontend
https://www.linkedin.com/in/ACoAAAwULysB9ESOWuq9KUe2R3NJcB3hy6RkKKM,frontend
https://www.linkedin.com/in/maria-terenteva,frontend
https://www.linkedin.com/in/maria-terenteva,frontend
https://www.linkedin.com/in/ACoAAAwULysB9ESOWuq9KUe2R3NJcB3hy6RkKKM,frontend
https://www.linkedin.com/in/quazacotl,frontend
https://www.linkedin.com/in/quazacotl,frontend
https://www.linkedin.com/in/ACoAAAwULysB9ESOWuq9KUe2R3NJcB3hy6RkKKM,frontend
https://www.linkedin.com/in/melnikov-dmitrii,frontend
https://www.linkedin.com/in/melnikov-dmitrii,frontend
https://www.linkedin.com/in/ACoAAAwULysB9ESOWuq9KUe2R3NJcB3hy6RkKKM,frontend
https://www.linkedin.com/in/roman-dikusar,frontend
https://www.linkedin.com/in/roman-dikusar,frontend
https://www.linkedin.com/in/ACoAAAwULysB9ESOWuq9KUe2R3NJcB3hy6RkKKM,frontend
https://www.linkedin.com/in/daria-chernykh-frontend,frontend
https://www.linkedin.com/in/daria-chernykh-frontend,frontend
https://www.linkedin.com/in/ACoAAAwULysB9ESOWuq9KUe2R3NJcB3hy6RkKKM,frontend
https://www.linkedin.com/in/rezuan-khamukov-740b8024a,frontend
https://www.linkedin.com/in/rezuan-khamukov-740b8024a,frontend
https://www.linkedin.com/in/ACoAAAwULysB9ESOWuq9KUe2R3NJcB3hy6RkKKM,frontend
https://www.linkedin.com/in/nikita-velichko-a81a25265,frontend
https://www.linkedin.com/in/nikita-velichko-a81a25265,frontend
https://www.linkedin.com/in/ACoAAAwULysB9ESOWuq9KUe2R3NJcB3hy6RkKKM,frontend
https://www.linkedin.com/in/valery-mester-8a3a44206,frontend
https://www.linkedin.com/in/valery-mester-8a3a44206,frontend
https://www.linkedin.com/in/ACoAAAwULysB9ESOWuq9KUe2R3NJcB3hy6RkKKM,frontend
https://www.linkedin.com/in/jamal-israpilov,frontend
https://www.linkedin.com/in/jamal-israpilov,frontend
https://www.linkedin.com/in/ACoAADNs0JUBuiguA5CpwJtJtb4WHwN3giAiOxs,frontend
https://www.linkedin.com/in/adam-kurskiev-b3a579248,frontend
https://www.linkedin.com/in/adam-kurskiev-b3a579248,frontend
https://www.linkedin.com/in/ACoAAAwULysB9ESOWuq9KUe2R3NJcB3hy6RkKKM,frontend
https://www.linkedin.com/in/renat-mazunin,frontend
https://www.linkedin.com/in/renat-mazunin,frontend
https://www.linkedin.com/in/ACoAAAwULysB9ESOWuq9KUe2R3NJcB3hy6RkKKM,frontend
https://www.linkedin.com/in/artemiy-belkin-20b77a201,frontend
https://www.linkedin.com/in/artemiy-belkin-20b77a201,frontend
https://www.linkedin.com/in/ACoAAAwULysB9ESOWuq9KUe2R3NJcB3hy6RkKKM,frontend
https://www.linkedin.com/in/elena-kara-64621623b,frontend
https://www.linkedin.com/in/elena-kara-64621623b,frontend
https://www.linkedin.com/in/ACoAAAwULysB9ESOWuq9KUe2R3NJcB3hy6RkKKM,frontend
https://www.linkedin.com/in/valeriy-nepluev-89857a123,frontend
https://www.linkedin.com/in/valeriy-nepluev-89857a123,frontend
https://www.linkedin.com/in/ACoAAAwULysB9ESOWuq9KUe2R3NJcB3hy6RkKKM,frontend
https://www.linkedin.com/in/flor-omurbekov-28a80822b,frontend
https://www.linkedin.com/in/flor-omurbekov-28a80822b,frontend
https://www.linkedin.com/in/ACoAAAwULysB9ESOWuq9KUe2R3NJcB3hy6RkKKM,frontend
https://www.linkedin.com/in/trubnikovsergey,frontend
https://www.linkedin.com/in/trubnikovsergey,frontend
https://www.linkedin.com/in/ACoAAAwULysB9ESOWuq9KUe2R3NJcB3hy6RkKKM,frontend
https://www.linkedin.com/in/oleg-kozlov-4191a0217,frontend
https://www.linkedin.com/in/oleg-kozlov-4191a0217,frontend
https://www.linkedin.com/in/ACoAAAwULysB9ESOWuq9KUe2R3NJcB3hy6RkKKM,frontend
https://www.linkedin.com/in/%D1%80%D1%83%D1%81%D0%BB%D0%B0%D0%BD-%D0%B3%D1%83%D1%81%D0%B5%D0%B9%D0%BD%D0%BE%D0%B2-091858186,frontend
https://www.linkedin.com/in/%D1%80%D1%83%D1%81%D0%BB%D0%B0%D0%BD-%D0%B3%D1%83%D1%81%D0%B5%D0%B9%D0%BD%D0%BE%D0%B2-091858186,frontend
https://www.linkedin.com/in/ACoAAAwULysB9ESOWuq9KUe2R3NJcB3hy6RkKKM,frontend
https://www.linkedin.com/in/davidbraginsky,frontend
https://www.linkedin.com/in/davidbraginsky,frontend
https://www.linkedin.com/in/ACoAAAwULysB9ESOWuq9KUe2R3NJcB3hy6RkKKM,frontend
https://www.linkedin.com/in/%D0%B0%D1%80%D1%82%D1%91%D0%BC-%D0%BC%D0%B8%D0%BA%D1%80%D1%8E%D0%BA%D0%BE%D0%B2-283163225,frontend
https://www.linkedin.com/in/%D0%B0%D1%80%D1%82%D1%91%D0%BC-%D0%BC%D0%B8%D0%BA%D1%80%D1%8E%D0%BA%D0%BE%D0%B2-283163225,frontend
https://www.linkedin.com/in/ACoAAAwULysB9ESOWuq9KUe2R3NJcB3hy6RkKKM,frontend
https://www.linkedin.com/in/sergei-kniazev-394506210,frontend
https://www.linkedin.com/in/sergei-kniazev-394506210,frontend
https://www.linkedin.com/in/ACoAAAwULysB9ESOWuq9KUe2R3NJcB3hy6RkKKM,frontend
https://www.linkedin.com/in/alla-boo,frontend
https://www.linkedin.com/in/alla-boo,frontend
https://www.linkedin.com/in/ACoAAAwULysB9ESOWuq9KUe2R3NJcB3hy6RkKKM,frontend
https://www.linkedin.com/in/andrey-vlasenko,frontend
https://www.linkedin.com/in/andrey-vlasenko,frontend
https://www.linkedin.com/in/ACoAAAwULysB9ESOWuq9KUe2R3NJcB3hy6RkKKM,frontend
https://www.linkedin.com/in/racionalus,frontend
https://www.linkedin.com/in/racionalus,frontend
https://www.linkedin.com/in/ACoAAAwULysB9ESOWuq9KUe2R3NJcB3hy6RkKKM,frontend
https://www.linkedin.com/in/ajzekv,frontend
https://www.linkedin.com/in/ajzekv,frontend
https://www.linkedin.com/in/ACoAAAwULysB9ESOWuq9KUe2R3NJcB3hy6RkKKM,frontend
https://www.linkedin.com/in/%D0%BD%D0%B8%D0%BA%D0%BE%D0%BB%D0%B0%D0%B9-%D1%81%D0%B8%D0%B7%D0%BE%D0%B2-96a9b91a2,frontend
https://www.linkedin.com/in/%D0%BD%D0%B8%D0%BA%D0%BE%D0%BB%D0%B0%D0%B9-%D1%81%D0%B8%D0%B7%D0%BE%D0%B2-96a9b91a2,frontend
https://www.linkedin.com/in/ACoAAAwULysB9ESOWuq9KUe2R3NJcB3hy6RkKKM,frontend
https://www.linkedin.com/in/serafim-gavrilov,frontend
https://www.linkedin.com/in/serafim-gavrilov,frontend
https://www.linkedin.com/in/ACoAAAwULysB9ESOWuq9KUe2R3NJcB3hy6RkKKM,frontend
https://www.linkedin.com/in/anastasiia-khlystova-539252211,frontend
https://www.linkedin.com/in/anastasiia-khlystova-539252211,frontend
https://www.linkedin.com/in/ACoAAAwULysB9ESOWuq9KUe2R3NJcB3hy6RkKKM,frontend
https://www.linkedin.com/in/paul-fedotov,frontend
https://www.linkedin.com/in/paul-fedotov,frontend
https://www.linkedin.com/in/ACoAAAwULysB9ESOWuq9KUe2R3NJcB3hy6RkKKM,frontend
https://www.linkedin.com/in/kirill-gunin,frontend
https://www.linkedin.com/in/kirill-gunin,frontend
https://www.linkedin.com/in/ACoAAAwULysB9ESOWuq9KUe2R3NJcB3hy6RkKKM,frontend
https://www.linkedin.com/in/amozalev,frontend
https://www.linkedin.com/in/amozalev,frontend
https://www.linkedin.com/in/ACoAABXWIn0ByIK8rB-AqtFvZ7pnq71QD2Axp0k,frontend
https://www.linkedin.com/in/dmitrii-golubev-550366255,frontend
https://www.linkedin.com/in/dmitrii-golubev-550366255,frontend
https://www.linkedin.com/in/ACoAAAwULysB9ESOWuq9KUe2R3NJcB3hy6RkKKM,frontend
https://www.linkedin.com/in/nikita-boriskin-960194235,frontend
https://www.linkedin.com/in/nikita-boriskin-960194235,frontend
https://www.linkedin.com/in/ACoAAAwULysB9ESOWuq9KUe2R3NJcB3hy6RkKKM,frontend
https://www.linkedin.com/in/nikolay-kolyaskin,frontend
https://www.linkedin.com/in/nikolay-kolyaskin,frontend
https://www.linkedin.com/in/ACoAAAwULysB9ESOWuq9KUe2R3NJcB3hy6RkKKM,frontend
https://www.linkedin.com/in/sergeyromanovv,frontend
https://www.linkedin.com/in/sergeyromanovv,frontend
https://www.linkedin.com/in/ACoAAAwULysB9ESOWuq9KUe2R3NJcB3hy6RkKKM,frontend
https://www.linkedin.com/in/deemoonn,frontend
https://www.linkedin.com/in/deemoonn,frontend
https://www.linkedin.com/in/ACoAAAwULysB9ESOWuq9KUe2R3NJcB3hy6RkKKM,frontend
https://www.linkedin.com/in/alenasafronova,frontend
https://www.linkedin.com/in/alenasafronova,frontend
https://www.linkedin.com/in/ACoAAAwULysB9ESOWuq9KUe2R3NJcB3hy6RkKKM,frontend
https://www.linkedin.com/in/alena-krupennikova-7b6376278,frontend
https://www.linkedin.com/in/alena-krupennikova-7b6376278,frontend
https://www.linkedin.com/in/ACoAAAwULysB9ESOWuq9KUe2R3NJcB3hy6RkKKM,frontend
https://www.linkedin.com/in/dmitry-matveev-3025931a9,frontend
https://www.linkedin.com/in/dmitry-matveev-3025931a9,frontend
https://www.linkedin.com/in/ACoAAAwULysB9ESOWuq9KUe2R3NJcB3hy6RkKKM,frontend
https://www.linkedin.com/in/marina-shustrova-bb44a3254,frontend
https://www.linkedin.com/in/marina-shustrova-bb44a3254,frontend
https://www.linkedin.com/in/ACoAAAwULysB9ESOWuq9KUe2R3NJcB3hy6RkKKM,frontend
https://www.linkedin.com/in/baremantar,frontend
https://www.linkedin.com/in/baremantar,frontend
https://www.linkedin.com/in/ACoAAAwULysB9ESOWuq9KUe2R3NJcB3hy6RkKKM,frontend
https://www.linkedin.com/in/stig333,frontend
https://www.linkedin.com/in/stig333,frontend
https://www.linkedin.com/in/ACoAAAwULysB9ESOWuq9KUe2R3NJcB3hy6RkKKM,frontend
https://www.linkedin.com/in/elizaveta-solodovnik,frontend
https://www.linkedin.com/in/elizaveta-solodovnik,frontend
https://www.linkedin.com/in/ACoAAAwULysB9ESOWuq9KUe2R3NJcB3hy6RkKKM,frontend
https://www.linkedin.com/in/ekaterina-sabirbaeva-6a9b1b109,frontend
https://www.linkedin.com/in/ekaterina-sabirbaeva-6a9b1b109,frontend
https://www.linkedin.com/in/ACoAAAwULysB9ESOWuq9KUe2R3NJcB3hy6RkKKM,frontend
https://www.linkedin.com/in/sergey-trukhachev-0a0797244,frontend
https://www.linkedin.com/in/sergey-trukhachev-0a0797244,frontend
https://www.linkedin.com/in/ACoAAAwULysB9ESOWuq9KUe2R3NJcB3hy6RkKKM,frontend
https://www.linkedin.com/in/nikolay-nikitin-437709270,frontend
https://www.linkedin.com/in/nikolay-nikitin-437709270,frontend
https://www.linkedin.com/in/ACoAAAwULysB9ESOWuq9KUe2R3NJcB3hy6RkKKM,frontend
https://www.linkedin.com/in/ACoAADXflEUBz234FVdT0JoY2hJEyFgvXlOivqQ,frontend
https://www.linkedin.com/in/%D0%B0%D0%BB%D0%B5%D0%BA%D1%81%D0%B5%D0%B9-%D0%BC%D0%B8%D1%81%D1%8E%D0%BA%D0%BE%D0%B2%D0%B5%D1%86-04447b1b5,frontend
https://www.linkedin.com/in/%D0%B0%D0%BB%D0%B5%D0%BA%D1%81%D0%B5%D0%B9-%D0%BC%D0%B8%D1%81%D1%8E%D0%BA%D0%BE%D0%B2%D0%B5%D1%86-04447b1b5,frontend
https://www.linkedin.com/in/ACoAAAwULysB9ESOWuq9KUe2R3NJcB3hy6RkKKM,frontend
https://www.linkedin.com/in/yakovlev-michael,frontend
https://www.linkedin.com/in/yakovlev-michael,frontend
https://www.linkedin.com/in/ACoAAAwULysB9ESOWuq9KUe2R3NJcB3hy6RkKKM,frontend
https://www.linkedin.com/in/bogdan-boldov-306305208,frontend
https://www.linkedin.com/in/bogdan-boldov-306305208,frontend
https://www.linkedin.com/in/ACoAAAwULysB9ESOWuq9KUe2R3NJcB3hy6RkKKM,frontend
https://www.linkedin.com/in/max-chernoschekov-96b1a2200,frontend
https://www.linkedin.com/in/max-chernoschekov-96b1a2200,frontend
https://www.linkedin.com/in/ACoAAAwULysB9ESOWuq9KUe2R3NJcB3hy6RkKKM,frontend
https://www.linkedin.com/in/philippovnikolay,frontend
https://www.linkedin.com/in/philippovnikolay,frontend
https://www.linkedin.com/in/ACoAAAwULysB9ESOWuq9KUe2R3NJcB3hy6RkKKM,frontend
https://www.linkedin.com/in/sergei-pofalitov-4953461a3,frontend
https://www.linkedin.com/in/sergei-pofalitov-4953461a3,frontend
https://www.linkedin.com/in/ACoAAAwULysB9ESOWuq9KUe2R3NJcB3hy6RkKKM,frontend
https://www.linkedin.com/in/georgii-semenov-37533b252,frontend
https://www.linkedin.com/in/georgii-semenov-37533b252,frontend
https://www.linkedin.com/in/ACoAAAwULysB9ESOWuq9KUe2R3NJcB3hy6RkKKM,frontend
https://www.linkedin.com/in/ACoAAEAtkocBP-DgePbCCProATR-VbMurBh7STQ,frontend
https://www.linkedin.com/in/teacher-cheater-482194218,frontend
https://www.linkedin.com/in/teacher-cheater-482194218,frontend
https://www.linkedin.com/in/ACoAAAwULysB9ESOWuq9KUe2R3NJcB3hy6RkKKM,frontend
https://www.linkedin.com/in/smolestan,frontend
https://www.linkedin.com/in/smolestan,frontend
https://www.linkedin.com/in/litvin-alexandr,frontend
https://www.linkedin.com/in/litvin-alexandr,frontend
https://www.linkedin.com/in/ACoAAAwULysB9ESOWuq9KUe2R3NJcB3hy6RkKKM,frontend
https://www.linkedin.com/in/monami5,frontend
https://www.linkedin.com/in/monami5,frontend
https://www.linkedin.com/in/ACoAAAwULysB9ESOWuq9KUe2R3NJcB3hy6RkKKM,frontend
https://www.linkedin.com/in/vladimir-borisov-b63020b7,frontend
https://www.linkedin.com/in/vladimir-borisov-b63020b7,frontend
https://www.linkedin.com/in/ACoAAAwULysB9ESOWuq9KUe2R3NJcB3hy6RkKKM,frontend
https://www.linkedin.com/in/oksana-semenova-frontend-developer,frontend
https://www.linkedin.com/in/oksana-semenova-frontend-developer,frontend
https://www.linkedin.com/in/ACoAAAwULysB9ESOWuq9KUe2R3NJcB3hy6RkKKM,frontend
https://www.linkedin.com/in/yaroslava-makedonskaya-48393625a,frontend
https://www.linkedin.com/in/yaroslava-makedonskaya-48393625a,frontend
https://www.linkedin.com/in/ACoAAAwULysB9ESOWuq9KUe2R3NJcB3hy6RkKKM,frontend
https://www.linkedin.com/in/olga-bozhedomova-69a560251,frontend
https://www.linkedin.com/in/olga-bozhedomova-69a560251,frontend
https://www.linkedin.com/in/ACoAAAwULysB9ESOWuq9KUe2R3NJcB3hy6RkKKM,frontend
https://www.linkedin.com/in/anastasiia-bagaeva-7788791b9,frontend
https://www.linkedin.com/in/anastasiia-bagaeva-7788791b9,frontend
https://www.linkedin.com/in/ACoAAAwULysB9ESOWuq9KUe2R3NJcB3hy6RkKKM,frontend
https://www.linkedin.com/in/dm-bychkov,frontend
https://www.linkedin.com/in/dm-bychkov,frontend
https://www.linkedin.com/in/ACoAAAwULysB9ESOWuq9KUe2R3NJcB3hy6RkKKM,frontend
https://www.linkedin.com/in/ACoAABHfcOcBzc_WdVM9pFh0u6auOGN74lZD4yA,frontend
https://www.linkedin.com/in/%D0%BD%D0%B8%D0%BA%D0%B8%D1%82%D0%B0-%D0%BA%D0%B0%D1%80%D0%B4%D0%BE%D0%BF%D0%BE%D0%BB%D0%BE%D0%B2-16994a257,frontend
https://www.linkedin.com/in/%D0%BD%D0%B8%D0%BA%D0%B8%D1%82%D0%B0-%D0%BA%D0%B0%D1%80%D0%B4%D0%BE%D0%BF%D0%BE%D0%BB%D0%BE%D0%B2-16994a257,frontend
https://www.linkedin.com/in/ACoAAAwULysB9ESOWuq9KUe2R3NJcB3hy6RkKKM,frontend
https://www.linkedin.com/in/engifrost,frontend
https://www.linkedin.com/in/engifrost,frontend
https://www.linkedin.com/in/ACoAAAwULysB9ESOWuq9KUe2R3NJcB3hy6RkKKM,frontend
https://www.linkedin.com/in/daniil-sharenkov,frontend
https://www.linkedin.com/in/daniil-sharenkov,frontend
https://www.linkedin.com/in/ACoAAAwULysB9ESOWuq9KUe2R3NJcB3hy6RkKKM,frontend
https://www.linkedin.com/in/ssstvch,frontend
https://www.linkedin.com/in/ssstvch,frontend
https://www.linkedin.com/in/ACoAAAwULysB9ESOWuq9KUe2R3NJcB3hy6RkKKM,frontend
https://www.linkedin.com/in/vladislav-koleda,frontend
https://www.linkedin.com/in/vladislav-koleda,frontend
https://www.linkedin.com/in/ACoAAAwULysB9ESOWuq9KUe2R3NJcB3hy6RkKKM,frontend
https://www.linkedin.com/in/martynov-pavel-d,frontend
https://www.linkedin.com/in/martynov-pavel-d,frontend
https://www.linkedin.com/in/ACoAAAwULysB9ESOWuq9KUe2R3NJcB3hy6RkKKM,frontend
https://www.linkedin.com/in/sergey-asafyev-4600b2238,frontend
https://www.linkedin.com/in/sergey-asafyev-4600b2238,frontend
https://www.linkedin.com/in/ACoAAAwULysB9ESOWuq9KUe2R3NJcB3hy6RkKKM,frontend
https://www.linkedin.com/in/alena-shestanova-433286251,frontend
https://www.linkedin.com/in/alena-shestanova-433286251,frontend
https://www.linkedin.com/in/ACoAAAwULysB9ESOWuq9KUe2R3NJcB3hy6RkKKM,frontend
https://www.linkedin.com/in/m-dzen,frontend
https://www.linkedin.com/in/m-dzen,frontend
https://www.linkedin.com/in/ACoAAAwULysB9ESOWuq9KUe2R3NJcB3hy6RkKKM,frontend
https://www.linkedin.com/in/dmitry-borisenko-9a8144128,frontend
https://www.linkedin.com/in/dmitry-borisenko-9a8144128,frontend
https://www.linkedin.com/in/ACoAAAwULysB9ESOWuq9KUe2R3NJcB3hy6RkKKM,frontend
https://www.linkedin.com/in/ACoAADXflEUBz234FVdT0JoY2hJEyFgvXlOivqQ,frontend
https://www.linkedin.com/in/konskaya-katerina,frontend
https://www.linkedin.com/in/konskaya-katerina,frontend
https://www.linkedin.com/in/ACoAAAwULysB9ESOWuq9KUe2R3NJcB3hy6RkKKM,frontend
https://www.linkedin.com/in/indiro,frontend
https://www.linkedin.com/in/indiro,frontend
https://www.linkedin.com/in/ACoAAAwULysB9ESOWuq9KUe2R3NJcB3hy6RkKKM,frontend
https://www.linkedin.com/in/andrew-chernishev-010b73246,frontend
https://www.linkedin.com/in/andrew-chernishev-010b73246,frontend
https://www.linkedin.com/in/ACoAAAwULysB9ESOWuq9KUe2R3NJcB3hy6RkKKM,frontend
https://www.linkedin.com/in/goncharovp,frontend
https://www.linkedin.com/in/goncharovp,frontend
https://www.linkedin.com/in/ACoAAAwULysB9ESOWuq9KUe2R3NJcB3hy6RkKKM,frontend
https://www.linkedin.com/in/vadim-igumnov,frontend
https://www.linkedin.com/in/vadim-igumnov,frontend
https://www.linkedin.com/in/ACoAAAwULysB9ESOWuq9KUe2R3NJcB3hy6RkKKM,frontend
https://www.linkedin.com/in/alexander-safronov,frontend
https://www.linkedin.com/in/alexander-safronov,frontend
https://www.linkedin.com/in/ACoAAAwULysB9ESOWuq9KUe2R3NJcB3hy6RkKKM,frontend
https://www.linkedin.com/in/ACoAABBvLXkByegTJ0lFRJGVdH48S245yErzTW0,frontend
https://www.linkedin.com/in/pipupopi,frontend
https://www.linkedin.com/in/pipupopi,frontend
https://www.linkedin.com/in/ACoAAAwULysB9ESOWuq9KUe2R3NJcB3hy6RkKKM,frontend
https://www.linkedin.com/in/tua-mascot,frontend
https://www.linkedin.com/in/tua-mascot,frontend
https://www.linkedin.com/in/ACoAAAwULysB9ESOWuq9KUe2R3NJcB3hy6RkKKM,frontend
https://www.linkedin.com/in/ia-stepanov,frontend
https://www.linkedin.com/in/ia-stepanov,frontend
https://www.linkedin.com/in/ACoAACW81EYBy1zqmnrQNnmELgseESbikNJ8yyo,frontend
https://www.linkedin.com/in/ACoAADXflEUBz234FVdT0JoY2hJEyFgvXlOivqQ,frontend
https://www.linkedin.com/in/darialobanova,frontend
https://www.linkedin.com/in/darialobanova,frontend
https://www.linkedin.com/in/ACoAAAwULysB9ESOWuq9KUe2R3NJcB3hy6RkKKM,frontend
https://www.linkedin.com/in/ACoAABHfcOcBzc_WdVM9pFh0u6auOGN74lZD4yA,frontend
https://www.linkedin.com/in/angelina-efremova-7b0744253,frontend
https://www.linkedin.com/in/angelina-efremova-7b0744253,frontend
https://www.linkedin.com/in/ACoAAAwULysB9ESOWuq9KUe2R3NJcB3hy6RkKKM,frontend
https://www.linkedin.com/in/%D0%B4%D0%B0%D0%BD%D0%B8%D0%BB-%D0%B8%D1%81%D1%82%D0%BE%D0%BC%D0%B8%D0%BD-b70015225,frontend
https://www.linkedin.com/in/%D0%B4%D0%B0%D0%BD%D0%B8%D0%BB-%D0%B8%D1%81%D1%82%D0%BE%D0%BC%D0%B8%D0%BD-b70015225,frontend
https://www.linkedin.com/in/ACoAAAwULysB9ESOWuq9KUe2R3NJcB3hy6RkKKM,frontend
https://www.linkedin.com/in/gusevdv,frontend
https://www.linkedin.com/in/gusevdv,frontend
https://www.linkedin.com/in/ACoAAAwULysB9ESOWuq9KUe2R3NJcB3hy6RkKKM,frontend
https://www.linkedin.com/in/maksim-panasenko,frontend
https://www.linkedin.com/in/maksim-panasenko,frontend
https://www.linkedin.com/in/ACoAAAwULysB9ESOWuq9KUe2R3NJcB3hy6RkKKM,frontend
https://www.linkedin.com/in/juliabugorskaya,frontend
https://www.linkedin.com/in/juliabugorskaya,frontend
https://www.linkedin.com/in/ACoAAAwULysB9ESOWuq9KUe2R3NJcB3hy6RkKKM,frontend
https://www.linkedin.com/in/%D0%B8%D0%BB%D1%8C%D1%8F-%D0%BB%D1%8F%D0%BF%D0%B8%D0%BD-a590b0250,frontend
https://www.linkedin.com/in/%D0%B8%D0%BB%D1%8C%D1%8F-%D0%BB%D1%8F%D0%BF%D0%B8%D0%BD-a590b0250,frontend
https://www.linkedin.com/in/ACoAAAwULysB9ESOWuq9KUe2R3NJcB3hy6RkKKM,frontend
https://www.linkedin.com/in/evgeniy-zhuravlev-437a37179,frontend
https://www.linkedin.com/in/evgeniy-zhuravlev-437a37179,frontend
https://www.linkedin.com/in/ACoAAAwULysB9ESOWuq9KUe2R3NJcB3hy6RkKKM,frontend
https://www.linkedin.com/in/evgood,frontend
https://www.linkedin.com/in/evgood,frontend
https://www.linkedin.com/in/ACoAAAwULysB9ESOWuq9KUe2R3NJcB3hy6RkKKM,frontend
https://www.linkedin.com/in/alexandr-borisenko-524a08226,frontend
https://www.linkedin.com/in/alexandr-borisenko-524a08226,frontend
https://www.linkedin.com/in/ACoAAAwULysB9ESOWuq9KUe2R3NJcB3hy6RkKKM,frontend
https://www.linkedin.com/in/%D0%B0%D0%BB%D0%B5%D0%BA%D1%81%D0%B5%D0%B9-%D1%80%D0%B8%D0%BA%D0%BE%D0%BD%D0%B2%D0%B0%D0%BB%D1%8C%D0%B4-06b4ba208,frontend
https://www.linkedin.com/in/%D0%B0%D0%BB%D0%B5%D0%BA%D1%81%D0%B5%D0%B9-%D1%80%D0%B8%D0%BA%D0%BE%D0%BD%D0%B2%D0%B0%D0%BB%D1%8C%D0%B4-06b4ba208,frontend
https://www.linkedin.com/in/ACoAAAwULysB9ESOWuq9KUe2R3NJcB3hy6RkKKM,frontend
https://www.linkedin.com/in/olga-karpova-b7389a22a,frontend
https://www.linkedin.com/in/olga-karpova-b7389a22a,frontend
https://www.linkedin.com/in/ACoAAAwULysB9ESOWuq9KUe2R3NJcB3hy6RkKKM,frontend
https://www.linkedin.com/in/artemvasilev,frontend
https://www.linkedin.com/in/artemvasilev,frontend
https://www.linkedin.com/in/ACoAAAwULysB9ESOWuq9KUe2R3NJcB3hy6RkKKM,frontend
https://www.linkedin.com/in/abdullah-shirinov-851515203,frontend
https://www.linkedin.com/in/abdullah-shirinov-851515203,frontend
https://www.linkedin.com/in/ACoAAAwULysB9ESOWuq9KUe2R3NJcB3hy6RkKKM,frontend
https://www.linkedin.com/in/valentin-kuzmin-386003231,frontend
https://www.linkedin.com/in/valentin-kuzmin-386003231,frontend
https://www.linkedin.com/in/ACoAAAwULysB9ESOWuq9KUe2R3NJcB3hy6RkKKM,frontend
https://www.linkedin.com/in/ekaterina-dolgopolova-6278b6234,frontend
https://www.linkedin.com/in/ekaterina-dolgopolova-6278b6234,frontend
https://www.linkedin.com/in/ACoAAAwULysB9ESOWuq9KUe2R3NJcB3hy6RkKKM,frontend
https://www.linkedin.com/in/yaroslav-kaniev-139108175,frontend
https://www.linkedin.com/in/yaroslav-kaniev-139108175,frontend
https://www.linkedin.com/in/ACoAAAwULysB9ESOWuq9KUe2R3NJcB3hy6RkKKM,frontend
https://www.linkedin.com/in/kir-32821590,frontend
https://www.linkedin.com/in/kir-32821590,frontend
https://www.linkedin.com/in/ACoAAAwULysB9ESOWuq9KUe2R3NJcB3hy6RkKKM,frontend
https://www.linkedin.com/in/gutmalina,frontend
https://www.linkedin.com/in/gutmalina,frontend
https://www.linkedin.com/in/ACoAAAwULysB9ESOWuq9KUe2R3NJcB3hy6RkKKM,frontend
https://www.linkedin.com/in/aleksander-lamkov-569b87231,frontend
https://www.linkedin.com/in/aleksander-lamkov-569b87231,frontend
https://www.linkedin.com/in/ACoAAAwULysB9ESOWuq9KUe2R3NJcB3hy6RkKKM,frontend
https://www.linkedin.com/in/alexander-kuznetsov-b4065a179,frontend
https://www.linkedin.com/in/alexander-kuznetsov-b4065a179,frontend
https://www.linkedin.com/in/ACoAAAwULysB9ESOWuq9KUe2R3NJcB3hy6RkKKM,frontend
https://www.linkedin.com/in/makolos,frontend
https://www.linkedin.com/in/makolos,frontend
https://www.linkedin.com/in/ACoAADhNdeQBbeTcM831KAFnQZ6jgn_tgMnV5o8,frontend
https://www.linkedin.com/in/i-am-eldar,frontend
https://www.linkedin.com/in/i-am-eldar,frontend
https://www.linkedin.com/in/artyom-shurygin,frontend
https://www.linkedin.com/in/artyom-shurygin,frontend
https://www.linkedin.com/in/ACoAAAwULysB9ESOWuq9KUe2R3NJcB3hy6RkKKM,frontend
https://www.linkedin.com/in/ACoAABtdOIAB1V2iI4ClP3cZBcY8WZVFe6_njkE,frontend
https://www.linkedin.com/in/yamonsky,frontend
https://www.linkedin.com/in/yamonsky,frontend
https://www.linkedin.com/in/ACoAAAwULysB9ESOWuq9KUe2R3NJcB3hy6RkKKM,frontend
https://www.linkedin.com/in/yaroslav-mikhailov-602112267,frontend
https://www.linkedin.com/in/yaroslav-mikhailov-602112267,frontend
https://www.linkedin.com/in/ACoAAEFVneIBYBdc3xQctG4WQ20Ru5bzml36b1k,frontend
https://www.linkedin.com/in/nikita-lapshin,frontend
https://www.linkedin.com/in/nikita-lapshin,frontend
https://www.linkedin.com/in/ACoAAAwULysB9ESOWuq9KUe2R3NJcB3hy6RkKKM,frontend
https://www.linkedin.com/in/%D1%81%D0%B5%D1%80%D0%B3%D0%B5%D0%B9-%D0%BA%D0%B0%D0%BB%D0%BC%D1%8B%D0%BA%D0%BE%D0%B2-b38aa8241,frontend
https://www.linkedin.com/in/%D1%81%D0%B5%D1%80%D0%B3%D0%B5%D0%B9-%D0%BA%D0%B0%D0%BB%D0%BC%D1%8B%D0%BA%D0%BE%D0%B2-b38aa8241,frontend
https://www.linkedin.com/in/ACoAAAwULysB9ESOWuq9KUe2R3NJcB3hy6RkKKM,frontend
https://www.linkedin.com/in/alexey-fatin-730953235,frontend
https://www.linkedin.com/in/alexey-fatin-730953235,frontend
https://www.linkedin.com/in/ACoAAAwULysB9ESOWuq9KUe2R3NJcB3hy6RkKKM,frontend
https://www.linkedin.com/in/mardalieva,frontend
https://www.linkedin.com/in/mardalieva,frontend
https://www.linkedin.com/in/ACoAAAwULysB9ESOWuq9KUe2R3NJcB3hy6RkKKM,frontend
https://www.linkedin.com/in/ilyabritvin,frontend
https://www.linkedin.com/in/ilyabritvin,frontend
https://www.linkedin.com/in/ACoAAAwULysB9ESOWuq9KUe2R3NJcB3hy6RkKKM,frontend
https://www.linkedin.com/in/igor-panov-a05694246,frontend
https://www.linkedin.com/in/igor-panov-a05694246,frontend
https://www.linkedin.com/in/ACoAAAwULysB9ESOWuq9KUe2R3NJcB3hy6RkKKM,frontend
https://www.linkedin.com/in/%D0%B8%D1%80%D0%B8%D0%BD%D0%B0-%D0%B1%D0%B0%D0%B6%D0%B0%D0%BD%D0%BE%D0%B2%D0%B0-abb794186,frontend
https://www.linkedin.com/in/%D0%B8%D1%80%D0%B8%D0%BD%D0%B0-%D0%B1%D0%B0%D0%B6%D0%B0%D0%BD%D0%BE%D0%B2%D0%B0-abb794186,frontend
https://www.linkedin.com/in/alexshostka,frontend
https://www.linkedin.com/in/alexshostka,frontend
https://www.linkedin.com/in/ACoAAAwULysB9ESOWuq9KUe2R3NJcB3hy6RkKKM,frontend
https://www.linkedin.com/in/aleksandrabychkova,frontend
https://www.linkedin.com/in/aleksandrabychkova,frontend
https://www.linkedin.com/in/ACoAAAwULysB9ESOWuq9KUe2R3NJcB3hy6RkKKM,frontend
https://www.linkedin.com/in/anna-kozhevatova-7b49b4a2,frontend
https://www.linkedin.com/in/anna-kozhevatova-7b49b4a2,frontend
https://www.linkedin.com/in/ACoAAAwULysB9ESOWuq9KUe2R3NJcB3hy6RkKKM,frontend
https://www.linkedin.com/in/immo0rtal,frontend
https://www.linkedin.com/in/immo0rtal,frontend
https://www.linkedin.com/in/ACoAAAwULysB9ESOWuq9KUe2R3NJcB3hy6RkKKM,frontend
https://www.linkedin.com/in/no-name123456,frontend
https://www.linkedin.com/in/no-name123456,frontend
https://www.linkedin.com/in/ACoAAAwULysB9ESOWuq9KUe2R3NJcB3hy6RkKKM,frontend
https://www.linkedin.com/in/dzhamilia-orudzheva-898919216,frontend
https://www.linkedin.com/in/dzhamilia-orudzheva-898919216,frontend
https://www.linkedin.com/in/ACoAAAwULysB9ESOWuq9KUe2R3NJcB3hy6RkKKM,frontend
https://www.linkedin.com/in/samvpd,frontend
https://www.linkedin.com/in/samvpd,frontend
https://www.linkedin.com/in/ACoAAAwULysB9ESOWuq9KUe2R3NJcB3hy6RkKKM,frontend
https://www.linkedin.com/in/%D0%BB%D0%B5%D0%B2-%D1%88%D1%83%D1%88%D0%BA%D0%BE%D0%B2-952a6a1ba,frontend
https://www.linkedin.com/in/%D0%BB%D0%B5%D0%B2-%D1%88%D1%83%D1%88%D0%BA%D0%BE%D0%B2-952a6a1ba,frontend
https://www.linkedin.com/in/ACoAAAwULysB9ESOWuq9KUe2R3NJcB3hy6RkKKM,frontend
https://www.linkedin.com/in/ibragim-sabirbaev,frontend
https://www.linkedin.com/in/ibragim-sabirbaev,frontend
https://www.linkedin.com/in/ACoAAAwULysB9ESOWuq9KUe2R3NJcB3hy6RkKKM,frontend
https://www.linkedin.com/in/ruslan-aleshin,frontend
https://www.linkedin.com/in/ruslan-aleshin,frontend
https://www.linkedin.com/in/ACoAAAwULysB9ESOWuq9KUe2R3NJcB3hy6RkKKM,frontend
https://www.linkedin.com/in/yaroslav-taranich,frontend
https://www.linkedin.com/in/yaroslav-taranich,frontend
https://www.linkedin.com/in/ACoAAAwULysB9ESOWuq9KUe2R3NJcB3hy6RkKKM,frontend
https://www.linkedin.com/in/dmitriy-kiryazov-32abbb173,frontend
https://www.linkedin.com/in/dmitriy-kiryazov-32abbb173,frontend
https://www.linkedin.com/in/ACoAAAwULysB9ESOWuq9KUe2R3NJcB3hy6RkKKM,frontend
https://www.linkedin.com/in/mikhail-khoroshev-159467265,frontend
https://www.linkedin.com/in/mikhail-khoroshev-159467265,frontend
https://www.linkedin.com/in/ACoAAAwULysB9ESOWuq9KUe2R3NJcB3hy6RkKKM,frontend
https://www.linkedin.com/in/olga-andrievich-a41844251,frontend
https://www.linkedin.com/in/olga-andrievich-a41844251,frontend
https://www.linkedin.com/in/ACoAAAwULysB9ESOWuq9KUe2R3NJcB3hy6RkKKM,frontend
https://www.linkedin.com/in/sergey-loginov-62a274234,frontend
https://www.linkedin.com/in/sergey-loginov-62a274234,frontend
https://www.linkedin.com/in/ACoAAAwULysB9ESOWuq9KUe2R3NJcB3hy6RkKKM,frontend
https://www.linkedin.com/in/kirill-pavlov-0b3759211,frontend
https://www.linkedin.com/in/kirill-pavlov-0b3759211,frontend
https://www.linkedin.com/in/ACoAAAwULysB9ESOWuq9KUe2R3NJcB3hy6RkKKM,frontend
https://www.linkedin.com/in/marat-kanapin,frontend
https://www.linkedin.com/in/marat-kanapin,frontend
https://www.linkedin.com/in/ACoAAAwULysB9ESOWuq9KUe2R3NJcB3hy6RkKKM,frontend
https://www.linkedin.com/in/mark-ivanov-65aab4275,frontend
https://www.linkedin.com/in/mark-ivanov-65aab4275,frontend
https://www.linkedin.com/in/ACoAAAwULysB9ESOWuq9KUe2R3NJcB3hy6RkKKM,frontend
https://www.linkedin.com/in/aleksandr-katrov-5a84741a6,frontend
https://www.linkedin.com/in/aleksandr-katrov-5a84741a6,frontend
https://www.linkedin.com/in/ACoAAAwULysB9ESOWuq9KUe2R3NJcB3hy6RkKKM,frontend
https://www.linkedin.com/in/vitaly-klepachevskiy-4043941b1,frontend
https://www.linkedin.com/in/vitaly-klepachevskiy-4043941b1,frontend
https://www.linkedin.com/in/ACoAAAwULysB9ESOWuq9KUe2R3NJcB3hy6RkKKM,frontend
https://www.linkedin.com/in/metavxnn,frontend
https://www.linkedin.com/in/metavxnn,frontend
https://www.linkedin.com/in/ACoAAAwULysB9ESOWuq9KUe2R3NJcB3hy6RkKKM,frontend
https://www.linkedin.com/in/roman-kiyashev-b9b0159b,frontend
https://www.linkedin.com/in/roman-kiyashev-b9b0159b,frontend
https://www.linkedin.com/in/ACoAAAwULysB9ESOWuq9KUe2R3NJcB3hy6RkKKM,frontend
https://www.linkedin.com/in/atikhomiroff,frontend
https://www.linkedin.com/in/atikhomiroff,frontend
https://www.linkedin.com/in/ACoAAAwULysB9ESOWuq9KUe2R3NJcB3hy6RkKKM,frontend
https://www.linkedin.com/in/anton-kovtunenko-96ab4a246,frontend
https://www.linkedin.com/in/anton-kovtunenko-96ab4a246,frontend
https://www.linkedin.com/in/ACoAAAwULysB9ESOWuq9KUe2R3NJcB3hy6RkKKM,frontend
https://www.linkedin.com/in/%D0%BC%D0%B0%D1%80%D0%B8%D0%BD%D0%B0-%D0%B2%D0%B8%D0%BD%D1%86%D1%8E%D0%BA-35830bb1,frontend
https://www.linkedin.com/in/%D0%BC%D0%B0%D1%80%D0%B8%D0%BD%D0%B0-%D0%B2%D0%B8%D0%BD%D1%86%D1%8E%D0%BA-35830bb1,frontend
https://www.linkedin.com/in/ACoAAAwULysB9ESOWuq9KUe2R3NJcB3hy6RkKKM,frontend
https://www.linkedin.com/in/%D0%B5%D0%BB%D0%B5%D0%BD%D0%B0-%D0%B5%D1%80%D0%BE%D1%84%D0%B5%D0%B5%D0%B2%D0%B0-717924226,frontend
https://www.linkedin.com/in/%D0%B5%D0%BB%D0%B5%D0%BD%D0%B0-%D0%B5%D1%80%D0%BE%D1%84%D0%B5%D0%B5%D0%B2%D0%B0-717924226,frontend
https://www.linkedin.com/in/ACoAAAwULysB9ESOWuq9KUe2R3NJcB3hy6RkKKM,frontend
https://www.linkedin.com/in/anton-starenkov,frontend
https://www.linkedin.com/in/anton-starenkov,frontend
https://www.linkedin.com/in/ACoAAAwULysB9ESOWuq9KUe2R3NJcB3hy6RkKKM,frontend
https://www.linkedin.com/in/rustam-sultanbekov,frontend
https://www.linkedin.com/in/rustam-sultanbekov,frontend
https://www.linkedin.com/in/ACoAAAwULysB9ESOWuq9KUe2R3NJcB3hy6RkKKM,frontend
https://www.linkedin.com/in/%D1%81%D0%B2%D0%B5%D1%82%D0%BB%D0%B0%D0%BD%D0%B0-%D0%BB%D1%8C%D0%B2%D0%BE%D0%B2%D0%B0-693902248,frontend
https://www.linkedin.com/in/%D1%81%D0%B2%D0%B5%D1%82%D0%BB%D0%B0%D0%BD%D0%B0-%D0%BB%D1%8C%D0%B2%D0%BE%D0%B2%D0%B0-693902248,frontend
https://www.linkedin.com/in/ACoAAAwULysB9ESOWuq9KUe2R3NJcB3hy6RkKKM,frontend
https://www.linkedin.com/in/alexandr-lapko,frontend
https://www.linkedin.com/in/alexandr-lapko,frontend
https://www.linkedin.com/in/ACoAAAwULysB9ESOWuq9KUe2R3NJcB3hy6RkKKM,frontend
https://www.linkedin.com/in/roman-sokolov-dev,frontend
https://www.linkedin.com/in/roman-sokolov-dev,frontend
https://www.linkedin.com/in/ACoAAAwULysB9ESOWuq9KUe2R3NJcB3hy6RkKKM,frontend
https://www.linkedin.com/in/esteradfi,frontend
https://www.linkedin.com/in/esteradfi,frontend
https://www.linkedin.com/in/ACoAAAwULysB9ESOWuq9KUe2R3NJcB3hy6RkKKM,frontend
https://www.linkedin.com/in/vigen-movsisyan-129911226,frontend
https://www.linkedin.com/in/vigen-movsisyan-129911226,frontend
https://www.linkedin.com/in/ACoAAAwULysB9ESOWuq9KUe2R3NJcB3hy6RkKKM,frontend
https://www.linkedin.com/in/dmitry-mishin-4938b71b4,frontend
https://www.linkedin.com/in/dmitry-mishin-4938b71b4,frontend
https://www.linkedin.com/in/ACoAAAwULysB9ESOWuq9KUe2R3NJcB3hy6RkKKM,frontend
https://www.linkedin.com/in/egor-golenok-a8726a196,frontend
https://www.linkedin.com/in/egor-golenok-a8726a196,frontend
https://www.linkedin.com/in/ACoAAAwULysB9ESOWuq9KUe2R3NJcB3hy6RkKKM,frontend
https://www.linkedin.com/in/artem-gumarov-7132b417a,frontend
https://www.linkedin.com/in/artem-gumarov-7132b417a,frontend
https://www.linkedin.com/in/ACoAAAwULysB9ESOWuq9KUe2R3NJcB3hy6RkKKM,frontend
https://www.linkedin.com/in/roman-popov-0097a5253,frontend
https://www.linkedin.com/in/roman-popov-0097a5253,frontend
https://www.linkedin.com/in/ACoAAAwULysB9ESOWuq9KUe2R3NJcB3hy6RkKKM,frontend
https://www.linkedin.com/in/%D0%B8%D0%B3%D0%BE%D1%80%D1%8C-%D0%BF%D0%B0%D1%80%D1%84%D0%B5%D0%BD%D0%BE%D0%B2-6a7289183,frontend
https://www.linkedin.com/in/%D0%B8%D0%B3%D0%BE%D1%80%D1%8C-%D0%BF%D0%B0%D1%80%D1%84%D0%B5%D0%BD%D0%BE%D0%B2-6a7289183,frontend
https://www.linkedin.com/in/ACoAAAwULysB9ESOWuq9KUe2R3NJcB3hy6RkKKM,frontend
https://www.linkedin.com/in/yana-zakharovais,frontend
https://www.linkedin.com/in/yana-zakharovais,frontend
https://www.linkedin.com/in/ACoAAAwULysB9ESOWuq9KUe2R3NJcB3hy6RkKKM,frontend
https://www.linkedin.com/in/nikolay-prasolov-168561232,frontend
https://www.linkedin.com/in/nikolay-prasolov-168561232,frontend
https://www.linkedin.com/in/ACoAADoaSaABUWC69PGsn9HJ6ddfe1ENWcbhuYI,frontend
https://www.linkedin.com/in/vladislav-smirnov-914048154,frontend
https://www.linkedin.com/in/vladislav-smirnov-914048154,frontend
https://www.linkedin.com/in/ACoAAAwULysB9ESOWuq9KUe2R3NJcB3hy6RkKKM,frontend
https://www.linkedin.com/in/gabriel-khabibulin-780352138,frontend
https://www.linkedin.com/in/gabriel-khabibulin-780352138,frontend
https://www.linkedin.com/in/ACoAAAwULysB9ESOWuq9KUe2R3NJcB3hy6RkKKM,frontend
https://www.linkedin.com/in/arthuragadzhanyan,frontend
https://www.linkedin.com/in/arthuragadzhanyan,frontend
https://www.linkedin.com/in/ACoAAAwULysB9ESOWuq9KUe2R3NJcB3hy6RkKKM,frontend
https://www.linkedin.com/in/vvaryukhin,frontend
https://www.linkedin.com/in/vvaryukhin,frontend
https://www.linkedin.com/in/ACoAAAwULysB9ESOWuq9KUe2R3NJcB3hy6RkKKM,frontend
https://www.linkedin.com/in/mikhail-avramenko-9b22471bb,frontend
https://www.linkedin.com/in/mikhail-avramenko-9b22471bb,frontend
https://www.linkedin.com/in/ACoAAAwULysB9ESOWuq9KUe2R3NJcB3hy6RkKKM,frontend
https://www.linkedin.com/in/vladimir-potekhin,frontend
https://www.linkedin.com/in/vladimir-potekhin,frontend
https://www.linkedin.com/in/ACoAAAwULysB9ESOWuq9KUe2R3NJcB3hy6RkKKM,frontend
https://www.linkedin.com/in/max-ermilov,frontend
https://www.linkedin.com/in/max-ermilov,frontend
https://www.linkedin.com/in/ACoAAAwULysB9ESOWuq9KUe2R3NJcB3hy6RkKKM,frontend
https://www.linkedin.com/in/andrey-kultin,frontend
https://www.linkedin.com/in/andrey-kultin,frontend
https://www.linkedin.com/in/ACoAAD2T6UwBVsdWyt82wV_jZ3v8piW1XDwPTAY,frontend
https://www.linkedin.com/in/ilya-alexeev-65a40918b,frontend
https://www.linkedin.com/in/ilya-alexeev-65a40918b,frontend
https://www.linkedin.com/in/ACoAAAwULysB9ESOWuq9KUe2R3NJcB3hy6RkKKM,frontend
https://www.linkedin.com/in/aleksey-shadrin-492bba246,frontend
https://www.linkedin.com/in/aleksey-shadrin-492bba246,frontend
https://www.linkedin.com/in/ACoAAAwULysB9ESOWuq9KUe2R3NJcB3hy6RkKKM,frontend
https://www.linkedin.com/in/%D1%80%D0%B8%D0%BD%D0%B0%D1%82%D0%B0-%D0%B1%D0%B0%D0%B9%D0%B3%D1%83%D0%BB%D0%BE%D0%B2%D0%B0-15b9301b9,frontend
https://www.linkedin.com/in/%D1%80%D0%B8%D0%BD%D0%B0%D1%82%D0%B0-%D0%B1%D0%B0%D0%B9%D0%B3%D1%83%D0%BB%D0%BE%D0%B2%D0%B0-15b9301b9,frontend
https://www.linkedin.com/in/ACoAAAwULysB9ESOWuq9KUe2R3NJcB3hy6RkKKM,frontend
https://www.linkedin.com/in/daniil-nardin-059034244,frontend
https://www.linkedin.com/in/daniil-nardin-059034244,frontend
https://www.linkedin.com/in/ACoAAAwULysB9ESOWuq9KUe2R3NJcB3hy6RkKKM,frontend
https://www.linkedin.com/in/vitaliy-lyubimov-334595230,frontend
https://www.linkedin.com/in/vitaliy-lyubimov-334595230,frontend
https://www.linkedin.com/in/ACoAAAwULysB9ESOWuq9KUe2R3NJcB3hy6RkKKM,frontend
https://www.linkedin.com/in/kruchinin-ilya,frontend
https://www.linkedin.com/in/kruchinin-ilya,frontend
https://www.linkedin.com/in/ACoAAD483psBJhH3Vd-wfeSKnAjb5ExFGscSOMM,frontend
https://www.linkedin.com/in/antonina-trapsh-221b67225,frontend
https://www.linkedin.com/in/antonina-trapsh-221b67225,frontend
https://www.linkedin.com/in/ACoAAAwULysB9ESOWuq9KUe2R3NJcB3hy6RkKKM,frontend
https://www.linkedin.com/in/alexander-agantaev-1717b4176,frontend
https://www.linkedin.com/in/alexander-agantaev-1717b4176,frontend
https://www.linkedin.com/in/ACoAAAwULysB9ESOWuq9KUe2R3NJcB3hy6RkKKM,frontend
https://www.linkedin.com/in/dmitriy-spirin-38478b1a1,frontend
https://www.linkedin.com/in/dmitriy-spirin-38478b1a1,frontend
https://www.linkedin.com/in/ACoAAAwULysB9ESOWuq9KUe2R3NJcB3hy6RkKKM,frontend
https://www.linkedin.com/in/svetlana-rybakova-b31506233,frontend
https://www.linkedin.com/in/svetlana-rybakova-b31506233,frontend
https://www.linkedin.com/in/ACoAAAwULysB9ESOWuq9KUe2R3NJcB3hy6RkKKM,frontend
https://www.linkedin.com/in/foxtrotkilo,frontend
https://www.linkedin.com/in/foxtrotkilo,frontend
https://www.linkedin.com/in/ilya-trofimov-4a7999170,frontend
https://www.linkedin.com/in/ilya-trofimov-4a7999170,frontend
https://www.linkedin.com/in/sofia-beloborodtseva-01b977256,frontend
https://www.linkedin.com/in/sofia-beloborodtseva-01b977256,frontend
https://www.linkedin.com/in/ACoAAAwULysB9ESOWuq9KUe2R3NJcB3hy6RkKKM,frontend
https://www.linkedin.com/in/georgi-kapkaev-6071a3248,frontend
https://www.linkedin.com/in/georgi-kapkaev-6071a3248,frontend
https://www.linkedin.com/in/ACoAAAwULysB9ESOWuq9KUe2R3NJcB3hy6RkKKM,frontend
https://www.linkedin.com/in/leonid-dugenets-135042197,frontend
https://www.linkedin.com/in/leonid-dugenets-135042197,frontend
https://www.linkedin.com/in/ACoAAAwULysB9ESOWuq9KUe2R3NJcB3hy6RkKKM,frontend
https://www.linkedin.com/in/%D1%88%D0%B0%D0%B8%D1%80-%D0%B1%D0%B0%D0%B7%D0%B0%D1%80%D0%B1%D0%B0%D0%B5%D0%B2-2614181ba,frontend
https://www.linkedin.com/in/%D1%88%D0%B0%D0%B8%D1%80-%D0%B1%D0%B0%D0%B7%D0%B0%D1%80%D0%B1%D0%B0%D0%B5%D0%B2-2614181ba,frontend
https://www.linkedin.com/in/ACoAAAwULysB9ESOWuq9KUe2R3NJcB3hy6RkKKM,frontend
https://www.linkedin.com/in/vasiliy-polosuhin-21b10516b,frontend
https://www.linkedin.com/in/vasiliy-polosuhin-21b10516b,frontend
https://www.linkedin.com/in/ACoAAAwULysB9ESOWuq9KUe2R3NJcB3hy6RkKKM,frontend
https://www.linkedin.com/in/%D0%B0%D0%BD%D1%82%D0%BE%D0%BD-%D0%BA%D1%83%D0%BB%D0%B5%D0%B2-98b9a6203,frontend
https://www.linkedin.com/in/%D0%B0%D0%BD%D1%82%D0%BE%D0%BD-%D0%BA%D1%83%D0%BB%D0%B5%D0%B2-98b9a6203,frontend
https://www.linkedin.com/in/ACoAAAwULysB9ESOWuq9KUe2R3NJcB3hy6RkKKM,frontend
https://www.linkedin.com/in/nikita-balykin-b01414233,frontend
https://www.linkedin.com/in/nikita-balykin-b01414233,frontend
https://www.linkedin.com/in/ACoAAAwULysB9ESOWuq9KUe2R3NJcB3hy6RkKKM,frontend
https://www.linkedin.com/in/airat-isakov,frontend
https://www.linkedin.com/in/airat-isakov,frontend
https://www.linkedin.com/in/ACoAAAwULysB9ESOWuq9KUe2R3NJcB3hy6RkKKM,frontend
https://www.linkedin.com/in/dmitriy-kolyada-37239224b,frontend
https://www.linkedin.com/in/dmitriy-kolyada-37239224b,frontend
https://www.linkedin.com/in/ACoAAAwULysB9ESOWuq9KUe2R3NJcB3hy6RkKKM,frontend
https://www.linkedin.com/in/ACoAADttkKsB8tiaT3bgGYVdjZ1AUKg2J9L4z3U,frontend
https://www.linkedin.com/in/%D1%81%D0%B5%D1%80%D0%B3%D0%B5%D0%B9-%D1%8E%D1%80%D0%B0%D0%BA%D0%BE%D0%B2-2371881b2,frontend
https://www.linkedin.com/in/%D1%81%D0%B5%D1%80%D0%B3%D0%B5%D0%B9-%D1%8E%D1%80%D0%B0%D0%BA%D0%BE%D0%B2-2371881b2,frontend
https://www.linkedin.com/in/agafonof,frontend
https://www.linkedin.com/in/agafonof,frontend
https://www.linkedin.com/in/ACoAAAwULysB9ESOWuq9KUe2R3NJcB3hy6RkKKM,frontend
https://www.linkedin.com/in/kartushkevich,frontend
https://www.linkedin.com/in/kartushkevich,frontend
https://www.linkedin.com/in/ACoAAAwULysB9ESOWuq9KUe2R3NJcB3hy6RkKKM,frontend
https://www.linkedin.com/in/igor-arnautov-a5a589243,frontend
https://www.linkedin.com/in/igor-arnautov-a5a589243,frontend
https://www.linkedin.com/in/ACoAAAwULysB9ESOWuq9KUe2R3NJcB3hy6RkKKM,frontend
https://www.linkedin.com/in/andrey-fedyukin,frontend
https://www.linkedin.com/in/andrey-fedyukin,frontend
https://www.linkedin.com/in/ACoAAAwULysB9ESOWuq9KUe2R3NJcB3hy6RkKKM,frontend
https://www.linkedin.com/in/alims63,frontend
https://www.linkedin.com/in/alims63,frontend
https://www.linkedin.com/in/ACoAAAwULysB9ESOWuq9KUe2R3NJcB3hy6RkKKM,frontend
https://www.linkedin.com/in/besleaga,frontend
https://www.linkedin.com/in/besleaga,frontend
https://www.linkedin.com/in/ACoAAAwULysB9ESOWuq9KUe2R3NJcB3hy6RkKKM,frontend
https://www.linkedin.com/in/tumen-dambaev,frontend
https://www.linkedin.com/in/tumen-dambaev,frontend
https://www.linkedin.com/in/ACoAAAwULysB9ESOWuq9KUe2R3NJcB3hy6RkKKM,frontend
https://www.linkedin.com/in/aleksandr-kechko-144731209,frontend
https://www.linkedin.com/in/aleksandr-kechko-144731209,frontend
https://www.linkedin.com/in/ACoAABtdOIAB1V2iI4ClP3cZBcY8WZVFe6_njkE,frontend
https://www.linkedin.com/in/egorch,frontend
https://www.linkedin.com/in/egorch,frontend
https://www.linkedin.com/in/ACoAAAwULysB9ESOWuq9KUe2R3NJcB3hy6RkKKM,frontend
https://www.linkedin.com/in/vvolodya-evseev,frontend
https://www.linkedin.com/in/vvolodya-evseev,frontend
https://www.linkedin.com/in/ACoAAAwULysB9ESOWuq9KUe2R3NJcB3hy6RkKKM,frontend
https://www.linkedin.com/in/daniil-sokolov,frontend
https://www.linkedin.com/in/daniil-sokolov,frontend
https://www.linkedin.com/in/ACoAAAwULysB9ESOWuq9KUe2R3NJcB3hy6RkKKM,frontend
https://www.linkedin.com/in/%D0%B0%D0%BB%D0%B5%D0%BA%D1%81%D0%B5%D0%B9-%D0%BA%D0%B8%D1%82%D0%B0%D0%B5%D0%B2-18537b24b,frontend
https://www.linkedin.com/in/%D0%B0%D0%BB%D0%B5%D0%BA%D1%81%D0%B5%D0%B9-%D0%BA%D0%B8%D1%82%D0%B0%D0%B5%D0%B2-18537b24b,frontend
https://www.linkedin.com/in/ACoAAAwULysB9ESOWuq9KUe2R3NJcB3hy6RkKKM,frontend
https://www.linkedin.com/in/mikhail-nazarov-20635b162,frontend
https://www.linkedin.com/in/mikhail-nazarov-20635b162,frontend
https://www.linkedin.com/in/ACoAAAwULysB9ESOWuq9KUe2R3NJcB3hy6RkKKM,frontend
https://www.linkedin.com/in/oleg-demchenko-538b95269,frontend
https://www.linkedin.com/in/oleg-demchenko-538b95269,frontend
https://www.linkedin.com/in/ACoAAAwULysB9ESOWuq9KUe2R3NJcB3hy6RkKKM,frontend
https://www.linkedin.com/in/dmitriy-gavrilov-3b9170166,frontend
https://www.linkedin.com/in/dmitriy-gavrilov-3b9170166,frontend
https://www.linkedin.com/in/ACoAAAwULysB9ESOWuq9KUe2R3NJcB3hy6RkKKM,frontend
https://www.linkedin.com/in/anastasiia-sharabanova-101002172,frontend
https://www.linkedin.com/in/anastasiia-sharabanova-101002172,frontend
https://www.linkedin.com/in/ACoAAAwULysB9ESOWuq9KUe2R3NJcB3hy6RkKKM,frontend
https://www.linkedin.com/in/olesya-boyarshinova,frontend
https://www.linkedin.com/in/olesya-boyarshinova,frontend
https://www.linkedin.com/in/ACoAAAwULysB9ESOWuq9KUe2R3NJcB3hy6RkKKM,frontend
https://www.linkedin.com/in/zayac11,frontend
https://www.linkedin.com/in/zayac11,frontend
https://www.linkedin.com/in/ACoAAAwULysB9ESOWuq9KUe2R3NJcB3hy6RkKKM,frontend
https://www.linkedin.com/in/alexey-martynov-017731235,frontend
https://www.linkedin.com/in/alexey-martynov-017731235,frontend
https://www.linkedin.com/in/ACoAAAwULysB9ESOWuq9KUe2R3NJcB3hy6RkKKM,frontend
https://www.linkedin.com/in/ekaterinarechkina,frontend
https://www.linkedin.com/in/ekaterinarechkina,frontend
https://www.linkedin.com/in/ACoAAAwULysB9ESOWuq9KUe2R3NJcB3hy6RkKKM,frontend
https://www.linkedin.com/in/anna-mikhalaki,frontend
https://www.linkedin.com/in/anna-mikhalaki,frontend
https://www.linkedin.com/in/ACoAAAwULysB9ESOWuq9KUe2R3NJcB3hy6RkKKM,frontend
https://www.linkedin.com/in/ruzans,frontend
https://www.linkedin.com/in/ruzans,frontend
https://www.linkedin.com/in/ACoAAAwULysB9ESOWuq9KUe2R3NJcB3hy6RkKKM,frontend
https://www.linkedin.com/in/lexik0n,frontend
https://www.linkedin.com/in/lexik0n,frontend
https://www.linkedin.com/in/ACoAAAwULysB9ESOWuq9KUe2R3NJcB3hy6RkKKM,frontend
https://www.linkedin.com/in/zumrud-davletmurzaeva-5b0793255,frontend
https://www.linkedin.com/in/zumrud-davletmurzaeva-5b0793255,frontend
https://www.linkedin.com/in/ACoAAAwULysB9ESOWuq9KUe2R3NJcB3hy6RkKKM,frontend
https://www.linkedin.com/in/emvoee,frontend
https://www.linkedin.com/in/emvoee,frontend
https://www.linkedin.com/in/ACoAAAwULysB9ESOWuq9KUe2R3NJcB3hy6RkKKM,frontend
https://www.linkedin.com/in/dmaslennikov,frontend
https://www.linkedin.com/in/dmaslennikov,frontend
https://www.linkedin.com/in/ACoAAAwULysB9ESOWuq9KUe2R3NJcB3hy6RkKKM,frontend
https://www.linkedin.com/in/ingvar-nikonov,frontend
https://www.linkedin.com/in/ingvar-nikonov,frontend
https://www.linkedin.com/in/ACoAAAwULysB9ESOWuq9KUe2R3NJcB3hy6RkKKM,frontend
https://www.linkedin.com/in/%D0%BA%D0%B0%D1%82%D0%B5%D1%80%D0%B8%D0%BD%D0%B0-%D0%BA-3212a6206,frontend
https://www.linkedin.com/in/%D0%BA%D0%B0%D1%82%D0%B5%D1%80%D0%B8%D0%BD%D0%B0-%D0%BA-3212a6206,frontend
https://www.linkedin.com/in/ACoAAAwULysB9ESOWuq9KUe2R3NJcB3hy6RkKKM,frontend
https://www.linkedin.com/in/dmialexpro,frontend
https://www.linkedin.com/in/dmialexpro,frontend
https://www.linkedin.com/in/ACoAAAwULysB9ESOWuq9KUe2R3NJcB3hy6RkKKM,frontend
https://www.linkedin.com/in/tatarinfrontend,frontend
https://www.linkedin.com/in/tatarinfrontend,frontend
https://www.linkedin.com/in/ACoAAAwULysB9ESOWuq9KUe2R3NJcB3hy6RkKKM,frontend
https://www.linkedin.com/in/ACoAADgO7a8Bfanm8bg8AYwAYj-0AzcDKGViUWM,frontend
https://www.linkedin.com/in/front-alex,frontend
https://www.linkedin.com/in/front-alex,frontend
https://www.linkedin.com/in/ACoAAAwULysB9ESOWuq9KUe2R3NJcB3hy6RkKKM,frontend
https://www.linkedin.com/in/dina-bagateeva,frontend
https://www.linkedin.com/in/dina-bagateeva,frontend
https://www.linkedin.com/in/ACoAAAwULysB9ESOWuq9KUe2R3NJcB3hy6RkKKM,frontend
https://www.linkedin.com/in/sergei-skachkov-aaa151228,frontend
https://www.linkedin.com/in/sergei-skachkov-aaa151228,frontend
https://www.linkedin.com/in/ACoAAAwULysB9ESOWuq9KUe2R3NJcB3hy6RkKKM,frontend
https://www.linkedin.com/in/urvanovdmitriy,frontend
https://www.linkedin.com/in/urvanovdmitriy,frontend
https://www.linkedin.com/in/ACoAADx8NQUBwKo0XuYDVHTT90CNJvUK2KRtLvU,frontend
https://www.linkedin.com/in/%D0%B4%D0%B5%D0%BD%D0%B8%D1%81-%D1%81%D0%B5%D0%BB%D0%B8%D0%B2%D0%B5%D1%80%D1%81%D1%82%D0%BE%D0%B2,frontend
https://www.linkedin.com/in/%D0%B4%D0%B5%D0%BD%D0%B8%D1%81-%D1%81%D0%B5%D0%BB%D0%B8%D0%B2%D0%B5%D1%80%D1%81%D1%82%D0%BE%D0%B2,frontend
https://www.linkedin.com/in/ACoAAAwULysB9ESOWuq9KUe2R3NJcB3hy6RkKKM,frontend
https://www.linkedin.com/in/max-zhilin,frontend
https://www.linkedin.com/in/max-zhilin,frontend
https://www.linkedin.com/in/ACoAAAwULysB9ESOWuq9KUe2R3NJcB3hy6RkKKM,frontend
https://www.linkedin.com/in/oleg-kushch-8312051a6,frontend
https://www.linkedin.com/in/oleg-kushch-8312051a6,frontend
https://www.linkedin.com/in/ACoAAAwULysB9ESOWuq9KUe2R3NJcB3hy6RkKKM,frontend
https://www.linkedin.com/in/arsenii-baskakov-5a8a5b202,frontend
https://www.linkedin.com/in/arsenii-baskakov-5a8a5b202,frontend
https://www.linkedin.com/in/ACoAAAwULysB9ESOWuq9KUe2R3NJcB3hy6RkKKM,frontend
https://www.linkedin.com/in/omarovfrontend,frontend
https://www.linkedin.com/in/omarovfrontend,frontend
https://www.linkedin.com/in/ACoAAAwULysB9ESOWuq9KUe2R3NJcB3hy6RkKKM,frontend
https://www.linkedin.com/in/denis-sheptunov-74339812b,frontend
https://www.linkedin.com/in/denis-sheptunov-74339812b,frontend
https://www.linkedin.com/in/ACoAAAwULysB9ESOWuq9KUe2R3NJcB3hy6RkKKM,frontend
https://www.linkedin.com/in/veniameen,frontend
https://www.linkedin.com/in/veniameen,frontend
https://www.linkedin.com/in/ACoAAAwULysB9ESOWuq9KUe2R3NJcB3hy6RkKKM,frontend
https://www.linkedin.com/in/blckwltz,frontend
https://www.linkedin.com/in/blckwltz,frontend
https://www.linkedin.com/in/ACoAAAwULysB9ESOWuq9KUe2R3NJcB3hy6RkKKM,frontend
https://www.linkedin.com/in/%D0%BC%D0%B0%D1%80%D0%B8%D1%8F-%D1%87%D0%B5%D1%80%D0%BD%D0%BE%D0%B2%D0%B0-91777184,frontend
https://www.linkedin.com/in/%D0%BC%D0%B0%D1%80%D0%B8%D1%8F-%D1%87%D0%B5%D1%80%D0%BD%D0%BE%D0%B2%D0%B0-91777184,frontend
https://www.linkedin.com/in/ACoAAAwULysB9ESOWuq9KUe2R3NJcB3hy6RkKKM,frontend
https://www.linkedin.com/in/%D0%B5%D0%B3%D0%BE%D1%80-%D1%8F%D0%B3%D1%83%D0%BF%D0%BE%D0%B2-3abb0020b,frontend
https://www.linkedin.com/in/%D0%B5%D0%B3%D0%BE%D1%80-%D1%8F%D0%B3%D1%83%D0%BF%D0%BE%D0%B2-3abb0020b,frontend
https://www.linkedin.com/in/ACoAAAwULysB9ESOWuq9KUe2R3NJcB3hy6RkKKM,frontend
https://www.linkedin.com/in/evgrafoov,frontend
https://www.linkedin.com/in/evgrafoov,frontend
https://www.linkedin.com/in/ACoAAAwULysB9ESOWuq9KUe2R3NJcB3hy6RkKKM,frontend
https://www.linkedin.com/in/georgii-kalmykov-a7673420a,frontend
https://www.linkedin.com/in/georgii-kalmykov-a7673420a,frontend
https://www.linkedin.com/in/ACoAAAwULysB9ESOWuq9KUe2R3NJcB3hy6RkKKM,frontend
https://www.linkedin.com/in/turn2river,frontend
https://www.linkedin.com/in/turn2river,frontend
https://www.linkedin.com/in/ACoAAAwULysB9ESOWuq9KUe2R3NJcB3hy6RkKKM,frontend
https://www.linkedin.com/in/zhila-anatoliy-03926a213,frontend
https://www.linkedin.com/in/zhila-anatoliy-03926a213,frontend
https://www.linkedin.com/in/ACoAAAwULysB9ESOWuq9KUe2R3NJcB3hy6RkKKM,frontend
https://www.linkedin.com/in/ilya-leykin,frontend
https://www.linkedin.com/in/ilya-leykin,frontend
https://www.linkedin.com/in/ACoAAAwULysB9ESOWuq9KUe2R3NJcB3hy6RkKKM,frontend
https://www.linkedin.com/in/aleksandr-sokolov-0697ab163,frontend
https://www.linkedin.com/in/aleksandr-sokolov-0697ab163,frontend
https://www.linkedin.com/in/ACoAAAwULysB9ESOWuq9KUe2R3NJcB3hy6RkKKM,frontend
https://www.linkedin.com/in/ignatov-vadim,frontend
https://www.linkedin.com/in/ignatov-vadim,frontend
https://www.linkedin.com/in/ACoAAAwULysB9ESOWuq9KUe2R3NJcB3hy6RkKKM,frontend
https://www.linkedin.com/in/%D0%B5%D0%B2%D0%B3%D0%B5%D0%BD%D0%B8%D0%B9-%D1%84%D1%91%D0%B4%D0%BE%D1%80%D0%BE%D0%B2-772279245,frontend
https://www.linkedin.com/in/%D0%B5%D0%B2%D0%B3%D0%B5%D0%BD%D0%B8%D0%B9-%D1%84%D1%91%D0%B4%D0%BE%D1%80%D0%BE%D0%B2-772279245,frontend
https://www.linkedin.com/in/ACoAAAwULysB9ESOWuq9KUe2R3NJcB3hy6RkKKM,frontend
https://www.linkedin.com/in/ks-grevtsov,frontend
https://www.linkedin.com/in/ks-grevtsov,frontend
https://www.linkedin.com/in/ACoAAAwULysB9ESOWuq9KUe2R3NJcB3hy6RkKKM,frontend
https://www.linkedin.com/in/dmitriieremin,frontend
https://www.linkedin.com/in/dmitriieremin,frontend
https://www.linkedin.com/in/ACoAAAwULysB9ESOWuq9KUe2R3NJcB3hy6RkKKM,frontend
https://www.linkedin.com/in/aasereb,frontend
https://www.linkedin.com/in/aasereb,frontend
https://www.linkedin.com/in/ACoAAAwULysB9ESOWuq9KUe2R3NJcB3hy6RkKKM,frontend
https://www.linkedin.com/in/zompin,frontend
https://www.linkedin.com/in/zompin,frontend
https://www.linkedin.com/in/ACoAAAwULysB9ESOWuq9KUe2R3NJcB3hy6RkKKM,frontend
https://www.linkedin.com/in/ivan-kolpakov95,frontend
https://www.linkedin.com/in/ivan-kolpakov95,frontend
https://www.linkedin.com/in/ACoAAAwULysB9ESOWuq9KUe2R3NJcB3hy6RkKKM,frontend
https://www.linkedin.com/in/maksim-gavriliuk-4bb283216,frontend
https://www.linkedin.com/in/maksim-gavriliuk-4bb283216,frontend
https://www.linkedin.com/in/ACoAAAwULysB9ESOWuq9KUe2R3NJcB3hy6RkKKM,frontend
https://www.linkedin.com/in/vladislav-efremov,frontend
https://www.linkedin.com/in/vladislav-efremov,frontend
https://www.linkedin.com/in/ACoAAAwULysB9ESOWuq9KUe2R3NJcB3hy6RkKKM,frontend
https://www.linkedin.com/in/igor-asessorov,frontend
https://www.linkedin.com/in/igor-asessorov,frontend
https://www.linkedin.com/in/ACoAAAwULysB9ESOWuq9KUe2R3NJcB3hy6RkKKM,frontend
https://www.linkedin.com/in/nick-momotenko-b3963b189,frontend
https://www.linkedin.com/in/nick-momotenko-b3963b189,frontend
https://www.linkedin.com/in/ACoAAAwULysB9ESOWuq9KUe2R3NJcB3hy6RkKKM,frontend
https://www.linkedin.com/in/egor-chindyasov-05b935243,frontend
https://www.linkedin.com/in/egor-chindyasov-05b935243,frontend
https://www.linkedin.com/in/ACoAAAwULysB9ESOWuq9KUe2R3NJcB3hy6RkKKM,frontend
https://www.linkedin.com/in/yepstepz,frontend
https://www.linkedin.com/in/yepstepz,frontend
https://www.linkedin.com/in/ACoAAAwULysB9ESOWuq9KUe2R3NJcB3hy6RkKKM,frontend
https://www.linkedin.com/in/anton-dashunin-46a229247,frontend
https://www.linkedin.com/in/anton-dashunin-46a229247,frontend
https://www.linkedin.com/in/ACoAAAwULysB9ESOWuq9KUe2R3NJcB3hy6RkKKM,frontend
https://www.linkedin.com/in/alexey-pavlov-199784223,frontend
https://www.linkedin.com/in/alexey-pavlov-199784223,frontend
https://www.linkedin.com/in/ACoAAAwULysB9ESOWuq9KUe2R3NJcB3hy6RkKKM,frontend
https://www.linkedin.com/in/ismail-gindullin-7a692a97,frontend
https://www.linkedin.com/in/ismail-gindullin-7a692a97,frontend
https://www.linkedin.com/in/ACoAAAwULysB9ESOWuq9KUe2R3NJcB3hy6RkKKM,frontend
https://www.linkedin.com/in/muslim-djalaludinov-5b76161a1,frontend
https://www.linkedin.com/in/muslim-djalaludinov-5b76161a1,frontend
https://www.linkedin.com/in/ACoAAAwULysB9ESOWuq9KUe2R3NJcB3hy6RkKKM,frontend
https://www.linkedin.com/in/marat-shakirov-7bb02423a,frontend
https://www.linkedin.com/in/marat-shakirov-7bb02423a,frontend
https://www.linkedin.com/in/ACoAAAwULysB9ESOWuq9KUe2R3NJcB3hy6RkKKM,frontend
https://www.linkedin.com/in/ankomlev,frontend
https://www.linkedin.com/in/ankomlev,frontend
https://www.linkedin.com/in/ACoAABXWIn0ByIK8rB-AqtFvZ7pnq71QD2Axp0k,frontend
https://www.linkedin.com/in/rewolc,frontend
https://www.linkedin.com/in/rewolc,frontend
https://www.linkedin.com/in/vladislav-grigorzhevskii-ab4822253,frontend
https://www.linkedin.com/in/vladislav-grigorzhevskii-ab4822253,frontend
https://www.linkedin.com/in/ACoAAAwULysB9ESOWuq9KUe2R3NJcB3hy6RkKKM,frontend
https://www.linkedin.com/in/lentyaevpk,frontend
https://www.linkedin.com/in/lentyaevpk,frontend
https://www.linkedin.com/in/ACoAAAwULysB9ESOWuq9KUe2R3NJcB3hy6RkKKM,frontend
https://www.linkedin.com/in/dmitry-kalugin,frontend
https://www.linkedin.com/in/dmitry-kalugin,frontend
https://www.linkedin.com/in/ACoAAAwULysB9ESOWuq9KUe2R3NJcB3hy6RkKKM,frontend
https://www.linkedin.com/in/danil-dorzhiev-132752241,frontend
https://www.linkedin.com/in/danil-dorzhiev-132752241,frontend
https://www.linkedin.com/in/ACoAAAwULysB9ESOWuq9KUe2R3NJcB3hy6RkKKM,frontend
https://www.linkedin.com/in/etrxnge,frontend
https://www.linkedin.com/in/etrxnge,frontend
https://www.linkedin.com/in/ACoAAAwULysB9ESOWuq9KUe2R3NJcB3hy6RkKKM,frontend
https://www.linkedin.com/in/anton-kovalenko-264b83233,frontend
https://www.linkedin.com/in/anton-kovalenko-264b83233,frontend
https://www.linkedin.com/in/ACoAAAwULysB9ESOWuq9KUe2R3NJcB3hy6RkKKM,frontend
https://www.linkedin.com/in/ilya-osipov-303ab122b,frontend
https://www.linkedin.com/in/ilya-osipov-303ab122b,frontend
https://www.linkedin.com/in/ACoAAAwULysB9ESOWuq9KUe2R3NJcB3hy6RkKKM,frontend
https://www.linkedin.com/in/kirillfrontenddeveloper,frontend
https://www.linkedin.com/in/kirillfrontenddeveloper,frontend
https://www.linkedin.com/in/ACoAAAwULysB9ESOWuq9KUe2R3NJcB3hy6RkKKM,frontend
https://www.linkedin.com/in/aleksandr-sladkov-74434a231,frontend
https://www.linkedin.com/in/aleksandr-sladkov-74434a231,frontend
https://www.linkedin.com/in/ACoAAAwULysB9ESOWuq9KUe2R3NJcB3hy6RkKKM,frontend
https://www.linkedin.com/in/rinat-abzalutdinov-82a883239,frontend
https://www.linkedin.com/in/rinat-abzalutdinov-82a883239,frontend
https://www.linkedin.com/in/bogdan-rossov-358638252,frontend
https://www.linkedin.com/in/bogdan-rossov-358638252,frontend
https://www.linkedin.com/in/ACoAAAwULysB9ESOWuq9KUe2R3NJcB3hy6RkKKM,frontend
https://www.linkedin.com/in/artem-bychkov-24b111252,frontend
https://www.linkedin.com/in/artem-bychkov-24b111252,frontend
https://www.linkedin.com/in/ACoAAAwULysB9ESOWuq9KUe2R3NJcB3hy6RkKKM,frontend
https://www.linkedin.com/in/alexander-starodubtsev-947112237,frontend
https://www.linkedin.com/in/alexander-starodubtsev-947112237,frontend
https://www.linkedin.com/in/ACoAAAwULysB9ESOWuq9KUe2R3NJcB3hy6RkKKM,frontend
https://www.linkedin.com/in/%D0%B4%D0%B5%D0%BD%D0%B8%D1%81-%D0%BA%D1%83%D1%80%D0%BE%D0%B2-20b172b8,frontend
https://www.linkedin.com/in/%D0%B4%D0%B5%D0%BD%D0%B8%D1%81-%D0%BA%D1%83%D1%80%D0%BE%D0%B2-20b172b8,frontend
https://www.linkedin.com/in/ACoAAAwULysB9ESOWuq9KUe2R3NJcB3hy6RkKKM,frontend
https://www.linkedin.com/in/sergei--korolev,frontend
https://www.linkedin.com/in/sergei--korolev,frontend
https://www.linkedin.com/in/ACoAAB61cPUB7InTUFQZvHJrNHCVMGNIsLAswHk,frontend
https://www.linkedin.com/in/ACoAAC1dgH0BEGbwWO2emqMRAVU9jGNICBzCjK4,frontend
https://www.linkedin.com/in/nikita-totmyanin,frontend
https://www.linkedin.com/in/nikita-totmyanin,frontend
https://www.linkedin.com/in/ACoAAAwULysB9ESOWuq9KUe2R3NJcB3hy6RkKKM,frontend
https://www.linkedin.com/in/nefedov-it,frontend
https://www.linkedin.com/in/nefedov-it,frontend
https://www.linkedin.com/in/ACoAAAwULysB9ESOWuq9KUe2R3NJcB3hy6RkKKM,frontend
https://www.linkedin.com/in/denis-silantev,frontend
https://www.linkedin.com/in/denis-silantev,frontend
https://www.linkedin.com/in/ACoAAAwULysB9ESOWuq9KUe2R3NJcB3hy6RkKKM,frontend
https://www.linkedin.com/in/melnikova-nadezhda,frontend
https://www.linkedin.com/in/melnikova-nadezhda,frontend
https://www.linkedin.com/in/ACoAAAwULysB9ESOWuq9KUe2R3NJcB3hy6RkKKM,frontend
https://www.linkedin.com/in/efnushtaev,frontend
https://www.linkedin.com/in/efnushtaev,frontend
https://www.linkedin.com/in/ACoAAAwULysB9ESOWuq9KUe2R3NJcB3hy6RkKKM,frontend
https://www.linkedin.com/in/%D0%B0%D0%BB%D0%B5%D0%BA%D1%81%D0%B0%D0%BD%D0%B4%D1%80-%D1%88%D0%BB%D0%B5%D0%B9%D0%BA%D0%BE-a88b9713b,frontend
https://www.linkedin.com/in/%D0%B0%D0%BB%D0%B5%D0%BA%D1%81%D0%B0%D0%BD%D0%B4%D1%80-%D1%88%D0%BB%D0%B5%D0%B9%D0%BA%D0%BE-a88b9713b,frontend
https://www.linkedin.com/in/ACoAAAwULysB9ESOWuq9KUe2R3NJcB3hy6RkKKM,frontend
https://www.linkedin.com/in/maria-moniakova-0b434b228,frontend
https://www.linkedin.com/in/maria-moniakova-0b434b228,frontend
https://www.linkedin.com/in/ACoAAAwULysB9ESOWuq9KUe2R3NJcB3hy6RkKKM,frontend
https://www.linkedin.com/in/%D0%B2%D0%BB%D0%B0%D0%B4%D0%B8%D0%BC%D0%B8%D1%80-%D0%B4%D1%83%D0%BB%D0%B8%D0%BD-620416128,frontend
https://www.linkedin.com/in/%D0%B2%D0%BB%D0%B0%D0%B4%D0%B8%D0%BC%D0%B8%D1%80-%D0%B4%D1%83%D0%BB%D0%B8%D0%BD-620416128,frontend
https://www.linkedin.com/in/ACoAAC4yJzEB4TjXkJg3o4S6-VaJuA_-TmMUp70,frontend
https://www.linkedin.com/in/sergey-garbuzov-220810258,frontend
https://www.linkedin.com/in/sergey-garbuzov-220810258,frontend
https://www.linkedin.com/in/ACoAAAwULysB9ESOWuq9KUe2R3NJcB3hy6RkKKM,frontend
https://www.linkedin.com/in/pavel-miroshin-3ab8ba1b9,frontend
https://www.linkedin.com/in/pavel-miroshin-3ab8ba1b9,frontend
https://www.linkedin.com/in/ACoAADx3gjwB8OdGdBDfUNONFdA__sOFm_oWw2A,frontend
https://www.linkedin.com/in/pavel-galkevich-22769687,frontend
https://www.linkedin.com/in/pavel-galkevich-22769687,frontend
https://www.linkedin.com/in/ACoAAAwULysB9ESOWuq9KUe2R3NJcB3hy6RkKKM,frontend
https://www.linkedin.com/in/yuliya-batsyus,frontend
https://www.linkedin.com/in/yuliya-batsyus,frontend
https://www.linkedin.com/in/ACoAAAwULysB9ESOWuq9KUe2R3NJcB3hy6RkKKM,frontend
https://www.linkedin.com/in/maxim-bulavchikov-a8244717a,frontend
https://www.linkedin.com/in/maxim-bulavchikov-a8244717a,frontend
https://www.linkedin.com/in/ACoAAAwULysB9ESOWuq9KUe2R3NJcB3hy6RkKKM,frontend
https://www.linkedin.com/in/georgy-pigar,frontend
https://www.linkedin.com/in/georgy-pigar,frontend
https://www.linkedin.com/in/ACoAAAwULysB9ESOWuq9KUe2R3NJcB3hy6RkKKM,frontend
https://www.linkedin.com/in/stanislav-kreyzo,frontend
https://www.linkedin.com/in/stanislav-kreyzo,frontend
https://www.linkedin.com/in/ACoAAAwULysB9ESOWuq9KUe2R3NJcB3hy6RkKKM,frontend
https://www.linkedin.com/in/nikita-pul-kin-2b0a12247,frontend
https://www.linkedin.com/in/nikita-pul-kin-2b0a12247,frontend
https://www.linkedin.com/in/ACoAAD0ySCQBXCwY_JY62l6AaK1X4m864NJX-Pc,frontend
https://www.linkedin.com/in/lesya-babets,frontend
https://www.linkedin.com/in/lesya-babets,frontend
https://www.linkedin.com/in/ACoAAAwULysB9ESOWuq9KUe2R3NJcB3hy6RkKKM,frontend
https://www.linkedin.com/in/%D0%B0%D0%B9%D1%80%D0%B0%D1%82-%D0%B3%D0%B0%D0%B7%D0%B8%D0%B5%D0%B2-745428240,frontend
https://www.linkedin.com/in/%D0%B0%D0%B9%D1%80%D0%B0%D1%82-%D0%B3%D0%B0%D0%B7%D0%B8%D0%B5%D0%B2-745428240,frontend
https://www.linkedin.com/in/ACoAAAwULysB9ESOWuq9KUe2R3NJcB3hy6RkKKM,frontend
https://www.linkedin.com/in/viacheslav-kolbantsev-828044238,frontend
https://www.linkedin.com/in/viacheslav-kolbantsev-828044238,frontend
https://www.linkedin.com/in/ACoAAAwULysB9ESOWuq9KUe2R3NJcB3hy6RkKKM,frontend
https://www.linkedin.com/in/karpov-maxim,frontend
https://www.linkedin.com/in/karpov-maxim,frontend
https://www.linkedin.com/in/ACoAAAwULysB9ESOWuq9KUe2R3NJcB3hy6RkKKM,frontend
https://www.linkedin.com/in/alexander-morozov-33311b1a8,frontend
https://www.linkedin.com/in/alexander-morozov-33311b1a8,frontend
https://www.linkedin.com/in/ACoAAAwULysB9ESOWuq9KUe2R3NJcB3hy6RkKKM,frontend
https://www.linkedin.com/in/aleksei-kostiukov,frontend
https://www.linkedin.com/in/aleksei-kostiukov,frontend
https://www.linkedin.com/in/ACoAAAwULysB9ESOWuq9KUe2R3NJcB3hy6RkKKM,frontend
https://www.linkedin.com/in/tyamackovm,frontend
https://www.linkedin.com/in/tyamackovm,frontend
https://www.linkedin.com/in/ACoAAAwULysB9ESOWuq9KUe2R3NJcB3hy6RkKKM,frontend
https://www.linkedin.com/in/khasanboyev,frontend
https://www.linkedin.com/in/khasanboyev,frontend
https://www.linkedin.com/in/ACoAAAwULysB9ESOWuq9KUe2R3NJcB3hy6RkKKM,frontend
https://www.linkedin.com/in/ilia-makhonin,frontend
https://www.linkedin.com/in/ilia-makhonin,frontend
https://www.linkedin.com/in/ACoAAC4yJzEB4TjXkJg3o4S6-VaJuA_-TmMUp70,frontend
https://www.linkedin.com/in/sem-ermolenko,frontend
https://www.linkedin.com/in/sem-ermolenko,frontend
https://www.linkedin.com/in/ACoAAAwULysB9ESOWuq9KUe2R3NJcB3hy6RkKKM,frontend
https://www.linkedin.com/in/dmitriy-kiselev-530b04196,frontend
https://www.linkedin.com/in/dmitriy-kiselev-530b04196,frontend
https://www.linkedin.com/in/ACoAAAwULysB9ESOWuq9KUe2R3NJcB3hy6RkKKM,frontend
https://www.linkedin.com/in/bayarik,frontend
https://www.linkedin.com/in/bayarik,frontend
https://www.linkedin.com/in/ACoAAAwULysB9ESOWuq9KUe2R3NJcB3hy6RkKKM,frontend
https://www.linkedin.com/in/alexey-danilchenko-362b94196,frontend
https://www.linkedin.com/in/alexey-danilchenko-362b94196,frontend
https://www.linkedin.com/in/ACoAAAwULysB9ESOWuq9KUe2R3NJcB3hy6RkKKM,frontend
https://www.linkedin.com/in/guzel-akhmadullina-16b4b4253,frontend
https://www.linkedin.com/in/guzel-akhmadullina-16b4b4253,frontend
https://www.linkedin.com/in/ACoAAAwULysB9ESOWuq9KUe2R3NJcB3hy6RkKKM,frontend
https://www.linkedin.com/in/salmanosmanov,frontend
https://www.linkedin.com/in/salmanosmanov,frontend
https://www.linkedin.com/in/ACoAAAwULysB9ESOWuq9KUe2R3NJcB3hy6RkKKM,frontend
https://www.linkedin.com/in/%D0%BA%D0%B0%D0%BC%D0%B8%D0%BB%D1%8C-%D0%B2%D0%B0%D1%85%D0%B8%D1%82%D0%BE%D0%B2-76a64b255,frontend
https://www.linkedin.com/in/%D0%BA%D0%B0%D0%BC%D0%B8%D0%BB%D1%8C-%D0%B2%D0%B0%D1%85%D0%B8%D1%82%D0%BE%D0%B2-76a64b255,frontend
https://www.linkedin.com/in/ACoAAAwULysB9ESOWuq9KUe2R3NJcB3hy6RkKKM,frontend
https://www.linkedin.com/in/anton-levus,frontend
https://www.linkedin.com/in/anton-levus,frontend
https://www.linkedin.com/in/ACoAAAwULysB9ESOWuq9KUe2R3NJcB3hy6RkKKM,frontend
https://www.linkedin.com/in/albertrevazov17,frontend
https://www.linkedin.com/in/albertrevazov17,frontend
https://www.linkedin.com/in/ACoAAAwULysB9ESOWuq9KUe2R3NJcB3hy6RkKKM,frontend
https://www.linkedin.com/in/stephen-muli-kilonzo-00669571,frontend
https://www.linkedin.com/in/stephen-muli-kilonzo-00669571,frontend
https://www.linkedin.com/in/vladimir-stepanenko-025b60224,frontend
https://www.linkedin.com/in/vladimir-stepanenko-025b60224,frontend
https://www.linkedin.com/in/ACoAAAwULysB9ESOWuq9KUe2R3NJcB3hy6RkKKM,frontend
https://www.linkedin.com/in/evgeniy-budaev-27114779,frontend
https://www.linkedin.com/in/evgeniy-budaev-27114779,frontend
https://www.linkedin.com/in/ACoAAEAtkocBP-DgePbCCProATR-VbMurBh7STQ,frontend
https://www.linkedin.com/in/lukyanov-vitaliy,frontend
https://www.linkedin.com/in/lukyanov-vitaliy,frontend
https://www.linkedin.com/in/ACoAAAwULysB9ESOWuq9KUe2R3NJcB3hy6RkKKM,frontend
https://www.linkedin.com/in/lllm,frontend
https://www.linkedin.com/in/lllm,frontend
https://www.linkedin.com/in/ACoAAAwULysB9ESOWuq9KUe2R3NJcB3hy6RkKKM,frontend
https://www.linkedin.com/in/grigory-b-445990269,frontend
https://www.linkedin.com/in/grigory-b-445990269,frontend
https://www.linkedin.com/in/ACoAAAwULysB9ESOWuq9KUe2R3NJcB3hy6RkKKM,frontend
https://www.linkedin.com/in/sdway,frontend
https://www.linkedin.com/in/sdway,frontend
https://www.linkedin.com/in/ACoAAAwULysB9ESOWuq9KUe2R3NJcB3hy6RkKKM,frontend
https://www.linkedin.com/in/valeria-berestyukova-a1b8a4246,frontend
https://www.linkedin.com/in/valeria-berestyukova-a1b8a4246,frontend
https://www.linkedin.com/in/ACoAAAwULysB9ESOWuq9KUe2R3NJcB3hy6RkKKM,frontend
https://www.linkedin.com/in/ramil-galyamdin,frontend
https://www.linkedin.com/in/ramil-galyamdin,frontend
https://www.linkedin.com/in/ACoAAAwULysB9ESOWuq9KUe2R3NJcB3hy6RkKKM,frontend
https://www.linkedin.com/in/atizay,frontend
https://www.linkedin.com/in/atizay,frontend
https://www.linkedin.com/in/ACoAAAwULysB9ESOWuq9KUe2R3NJcB3hy6RkKKM,frontend
https://www.linkedin.com/in/svovasta,frontend
https://www.linkedin.com/in/svovasta,frontend
https://www.linkedin.com/in/svetlana-dunicheva,frontend
https://www.linkedin.com/in/svetlana-dunicheva,frontend
https://www.linkedin.com/in/ACoAAAwULysB9ESOWuq9KUe2R3NJcB3hy6RkKKM,frontend
https://www.linkedin.com/in/ekaterina-kostomarova-75212b220,frontend
https://www.linkedin.com/in/ekaterina-kostomarova-75212b220,frontend
https://www.linkedin.com/in/ACoAAAwULysB9ESOWuq9KUe2R3NJcB3hy6RkKKM,frontend
https://www.linkedin.com/in/vscher,frontend
https://www.linkedin.com/in/vscher,frontend
https://www.linkedin.com/in/ACoAAAwULysB9ESOWuq9KUe2R3NJcB3hy6RkKKM,frontend
https://www.linkedin.com/in/nikita-novitskii-9a33b6169,frontend
https://www.linkedin.com/in/nikita-novitskii-9a33b6169,frontend
https://www.linkedin.com/in/ACoAAAwULysB9ESOWuq9KUe2R3NJcB3hy6RkKKM,frontend
https://www.linkedin.com/in/anastasiia-shamrai,frontend
https://www.linkedin.com/in/anastasiia-shamrai,frontend
https://www.linkedin.com/in/ACoAAAwULysB9ESOWuq9KUe2R3NJcB3hy6RkKKM,frontend
https://www.linkedin.com/in/ACoAAEAtkocBP-DgePbCCProATR-VbMurBh7STQ,frontend
https://www.linkedin.com/in/vitaliy-kiselev,frontend
https://www.linkedin.com/in/vitaliy-kiselev,frontend
https://www.linkedin.com/in/ACoAAAwULysB9ESOWuq9KUe2R3NJcB3hy6RkKKM,frontend
https://www.linkedin.com/in/aleksey-lyubavkin-870aba18a,frontend
https://www.linkedin.com/in/aleksey-lyubavkin-870aba18a,frontend
https://www.linkedin.com/in/ACoAAAwULysB9ESOWuq9KUe2R3NJcB3hy6RkKKM,frontend
https://www.linkedin.com/in/antonyankin,frontend
https://www.linkedin.com/in/antonyankin,frontend
https://www.linkedin.com/in/ACoAAAwULysB9ESOWuq9KUe2R3NJcB3hy6RkKKM,frontend
https://www.linkedin.com/in/serjge,frontend
https://www.linkedin.com/in/serjge,frontend
https://www.linkedin.com/in/ACoAAAwULysB9ESOWuq9KUe2R3NJcB3hy6RkKKM,frontend
https://www.linkedin.com/in/4rontender,frontend
https://www.linkedin.com/in/4rontender,frontend
https://www.linkedin.com/in/ACoAAAwULysB9ESOWuq9KUe2R3NJcB3hy6RkKKM,frontend
https://www.linkedin.com/in/alexander-natalichev-352708261,frontend
https://www.linkedin.com/in/alexander-natalichev-352708261,frontend
https://www.linkedin.com/in/ACoAAAwULysB9ESOWuq9KUe2R3NJcB3hy6RkKKM,frontend
https://www.linkedin.com/in/daniel-dlv,frontend
https://www.linkedin.com/in/daniel-dlv,frontend
https://www.linkedin.com/in/ACoAAAwULysB9ESOWuq9KUe2R3NJcB3hy6RkKKM,frontend
https://www.linkedin.com/in/yaroslav-baklanov-ab81a4193,frontend
https://www.linkedin.com/in/yaroslav-baklanov-ab81a4193,frontend
https://www.linkedin.com/in/ACoAAC4yJzEB4TjXkJg3o4S6-VaJuA_-TmMUp70,frontend
https://www.linkedin.com/in/vladislav-astakhov,frontend
https://www.linkedin.com/in/vladislav-astakhov,frontend
https://www.linkedin.com/in/ACoAAAwULysB9ESOWuq9KUe2R3NJcB3hy6RkKKM,frontend
https://www.linkedin.com/in/ikhovalkin,frontend
https://www.linkedin.com/in/ikhovalkin,frontend
https://www.linkedin.com/in/ACoAAAwULysB9ESOWuq9KUe2R3NJcB3hy6RkKKM,frontend
https://www.linkedin.com/in/zuhrab-alibekov-906457238,frontend
https://www.linkedin.com/in/zuhrab-alibekov-906457238,frontend
https://www.linkedin.com/in/ACoAADsnuVYB9Xzyg8yLSfZq7xK2F__gnPneYR8,frontend
https://www.linkedin.com/in/oleg-kochiev,frontend
https://www.linkedin.com/in/oleg-kochiev,frontend
https://www.linkedin.com/in/ACoAAAwULysB9ESOWuq9KUe2R3NJcB3hy6RkKKM,frontend
https://www.linkedin.com/in/kirillnemkov98,frontend
https://www.linkedin.com/in/kirillnemkov98,frontend
https://www.linkedin.com/in/ACoAAAwULysB9ESOWuq9KUe2R3NJcB3hy6RkKKM,frontend
https://www.linkedin.com/in/ACoAADgO7a8Bfanm8bg8AYwAYj-0AzcDKGViUWM,frontend
https://www.linkedin.com/in/povyshka,frontend
https://www.linkedin.com/in/povyshka,frontend
https://www.linkedin.com/in/ACoAAAwULysB9ESOWuq9KUe2R3NJcB3hy6RkKKM,frontend
https://www.linkedin.com/in/anastasia-semenova-763338247,frontend
https://www.linkedin.com/in/anastasia-semenova-763338247,frontend
https://www.linkedin.com/in/ACoAAAwULysB9ESOWuq9KUe2R3NJcB3hy6RkKKM,frontend
https://www.linkedin.com/in/yurevalexander,frontend
https://www.linkedin.com/in/yurevalexander,frontend
https://www.linkedin.com/in/ACoAAAwULysB9ESOWuq9KUe2R3NJcB3hy6RkKKM,frontend
https://www.linkedin.com/in/dmitriy-c-329128146,frontend
https://www.linkedin.com/in/dmitriy-c-329128146,frontend
https://www.linkedin.com/in/ACoAAAwULysB9ESOWuq9KUe2R3NJcB3hy6RkKKM,frontend
https://www.linkedin.com/in/alex-ismailov,frontend
https://www.linkedin.com/in/alex-ismailov,frontend
https://www.linkedin.com/in/ACoAAAwULysB9ESOWuq9KUe2R3NJcB3hy6RkKKM,frontend
https://www.linkedin.com/in/valentin-alekhin,frontend
https://www.linkedin.com/in/valentin-alekhin,frontend
https://www.linkedin.com/in/ACoAAAwULysB9ESOWuq9KUe2R3NJcB3hy6RkKKM,frontend
https://www.linkedin.com/in/ekaterina-ytkina,frontend
https://www.linkedin.com/in/ekaterina-ytkina,frontend
https://www.linkedin.com/in/ACoAAAwULysB9ESOWuq9KUe2R3NJcB3hy6RkKKM,frontend
https://www.linkedin.com/in/valeria-ryzhova-667781226,frontend
https://www.linkedin.com/in/valeria-ryzhova-667781226,frontend
https://www.linkedin.com/in/ACoAAAwULysB9ESOWuq9KUe2R3NJcB3hy6RkKKM,frontend
https://www.linkedin.com/in/nikolai-morozov-45864b220,frontend
https://www.linkedin.com/in/nikolai-morozov-45864b220,frontend
https://www.linkedin.com/in/aleksandr-vago-420b8723a,frontend
https://www.linkedin.com/in/aleksandr-vago-420b8723a,frontend
https://www.linkedin.com/in/ACoAAAwULysB9ESOWuq9KUe2R3NJcB3hy6RkKKM,frontend
https://www.linkedin.com/in/ACoAADhNdeQBbeTcM831KAFnQZ6jgn_tgMnV5o8,frontend
https://www.linkedin.com/in/dmitrii-ashmarin,frontend
https://www.linkedin.com/in/dmitrii-ashmarin,frontend
https://www.linkedin.com/in/ACoAAD0GxAwBHyT-kRW6aZYgt5asNpYZghvJ6X8,frontend
https://www.linkedin.com/in/igor-filin-703a6924b,frontend
https://www.linkedin.com/in/igor-filin-703a6924b,frontend
https://www.linkedin.com/in/ACoAAAwULysB9ESOWuq9KUe2R3NJcB3hy6RkKKM,frontend
https://www.linkedin.com/in/ekaterina-trostina-3a2246259,frontend
https://www.linkedin.com/in/ekaterina-trostina-3a2246259,frontend
https://www.linkedin.com/in/ACoAAAwULysB9ESOWuq9KUe2R3NJcB3hy6RkKKM,frontend
https://www.linkedin.com/in/petr-burak-034979217,frontend
https://www.linkedin.com/in/petr-burak-034979217,frontend
https://www.linkedin.com/in/ACoAAD6KIRIBkJ2TuEMcNLLt2NKOJc8I1At6HyE,frontend
https://www.linkedin.com/in/ACoAAD6h6TABK5qNrEisjmmPyGcg8S6JZ2txmtw,frontend
https://www.linkedin.com/in/pavel-kondratev-2595261b4,frontend
https://www.linkedin.com/in/pavel-kondratev-2595261b4,frontend
https://www.linkedin.com/in/ACoAAAwULysB9ESOWuq9KUe2R3NJcB3hy6RkKKM,frontend
https://www.linkedin.com/in/alexey-karabanov-8188bb233,frontend
https://www.linkedin.com/in/alexey-karabanov-8188bb233,frontend
https://www.linkedin.com/in/ACoAAAwULysB9ESOWuq9KUe2R3NJcB3hy6RkKKM,frontend
https://www.linkedin.com/in/roman-belykh-52944324b,frontend
https://www.linkedin.com/in/roman-belykh-52944324b,frontend
https://www.linkedin.com/in/ACoAAAwULysB9ESOWuq9KUe2R3NJcB3hy6RkKKM,frontend
https://www.linkedin.com/in/mikhail-olianenko,frontend
https://www.linkedin.com/in/mikhail-olianenko,frontend
https://www.linkedin.com/in/ACoAAAwULysB9ESOWuq9KUe2R3NJcB3hy6RkKKM,frontend
https://www.linkedin.com/in/vzhugdurova,frontend
https://www.linkedin.com/in/vzhugdurova,frontend
https://www.linkedin.com/in/ACoAAAwULysB9ESOWuq9KUe2R3NJcB3hy6RkKKM,frontend
https://www.linkedin.com/in/sofya-kiseleva-komolkina,frontend
https://www.linkedin.com/in/sofya-kiseleva-komolkina,frontend
https://www.linkedin.com/in/ACoAAAwULysB9ESOWuq9KUe2R3NJcB3hy6RkKKM,frontend
https://www.linkedin.com/in/timur-akhmedov,frontend
https://www.linkedin.com/in/timur-akhmedov,frontend
https://www.linkedin.com/in/ACoAAAwULysB9ESOWuq9KUe2R3NJcB3hy6RkKKM,frontend
https://www.linkedin.com/in/sergey-kharitonov-494832b3,frontend
https://www.linkedin.com/in/sergey-kharitonov-494832b3,frontend
https://www.linkedin.com/in/ACoAAAwULysB9ESOWuq9KUe2R3NJcB3hy6RkKKM,frontend
https://www.linkedin.com/in/%D0%B0%D0%BD%D1%82%D0%BE%D0%BD-%D0%B3%D0%BE%D1%80%D0%B1%D0%B5%D0%BD%D0%BA%D0%BE-24ba95264,frontend
https://www.linkedin.com/in/%D0%B0%D0%BD%D1%82%D0%BE%D0%BD-%D0%B3%D0%BE%D1%80%D0%B1%D0%B5%D0%BD%D0%BA%D0%BE-24ba95264,frontend
https://www.linkedin.com/in/ACoAAAwULysB9ESOWuq9KUe2R3NJcB3hy6RkKKM,frontend
https://www.linkedin.com/in/deni-it,frontend
https://www.linkedin.com/in/deni-it,frontend
https://www.linkedin.com/in/ACoAAAwULysB9ESOWuq9KUe2R3NJcB3hy6RkKKM,frontend
https://www.linkedin.com/in/nady-kamenskaya,frontend
https://www.linkedin.com/in/nady-kamenskaya,frontend
https://www.linkedin.com/in/ACoAAAwULysB9ESOWuq9KUe2R3NJcB3hy6RkKKM,frontend
https://www.linkedin.com/in/alexander-malinov,frontend
https://www.linkedin.com/in/alexander-malinov,frontend
https://www.linkedin.com/in/ACoAAAwULysB9ESOWuq9KUe2R3NJcB3hy6RkKKM,frontend
https://www.linkedin.com/in/vitaliy-andryushkov,frontend
https://www.linkedin.com/in/vitaliy-andryushkov,frontend
https://www.linkedin.com/in/ACoAAAwULysB9ESOWuq9KUe2R3NJcB3hy6RkKKM,frontend
https://www.linkedin.com/in/anton-demidov-2882a11a1,frontend
https://www.linkedin.com/in/anton-demidov-2882a11a1,frontend
https://www.linkedin.com/in/ACoAAAwULysB9ESOWuq9KUe2R3NJcB3hy6RkKKM,frontend
https://www.linkedin.com/in/ninedev,frontend
https://www.linkedin.com/in/ninedev,frontend
https://www.linkedin.com/in/ACoAAAwULysB9ESOWuq9KUe2R3NJcB3hy6RkKKM,frontend
https://www.linkedin.com/in/anastasia-kotova-038976242,frontend
https://www.linkedin.com/in/anastasia-kotova-038976242,frontend
https://www.linkedin.com/in/ACoAAAwULysB9ESOWuq9KUe2R3NJcB3hy6RkKKM,frontend
https://www.linkedin.com/in/zhig1ov,frontend
https://www.linkedin.com/in/zhig1ov,frontend
https://www.linkedin.com/in/ACoAAAwULysB9ESOWuq9KUe2R3NJcB3hy6RkKKM,frontend
https://www.linkedin.com/in/anton-shashkov-01b885183,frontend
https://www.linkedin.com/in/anton-shashkov-01b885183,frontend
https://www.linkedin.com/in/ACoAABXWIn0ByIK8rB-AqtFvZ7pnq71QD2Axp0k,frontend
https://www.linkedin.com/in/evsyakov,frontend
https://www.linkedin.com/in/evsyakov,frontend
https://www.linkedin.com/in/ACoAAC0ZAIUBo8Tf-ZW26EceLIKET-QEHLNJSBo,frontend
https://www.linkedin.com/in/denis-yurovsky-848571237,frontend
https://www.linkedin.com/in/denis-yurovsky-848571237,frontend
https://www.linkedin.com/in/ACoAAAwULysB9ESOWuq9KUe2R3NJcB3hy6RkKKM,frontend
https://www.linkedin.com/in/jimmyrummy,frontend
https://www.linkedin.com/in/jimmyrummy,frontend
https://www.linkedin.com/in/ACoAAAwULysB9ESOWuq9KUe2R3NJcB3hy6RkKKM,frontend
https://www.linkedin.com/in/olga-plotnikova,frontend
https://www.linkedin.com/in/olga-plotnikova,frontend
https://www.linkedin.com/in/ACoAAAwULysB9ESOWuq9KUe2R3NJcB3hy6RkKKM,frontend
https://www.linkedin.com/in/aidyn-seren-chimit-43574a1b9,frontend
https://www.linkedin.com/in/aidyn-seren-chimit-43574a1b9,frontend
https://www.linkedin.com/in/ACoAAAwULysB9ESOWuq9KUe2R3NJcB3hy6RkKKM,frontend
https://www.linkedin.com/in/anna-dolgopolova-93a258241,frontend
https://www.linkedin.com/in/anna-dolgopolova-93a258241,frontend
https://www.linkedin.com/in/ACoAAAwULysB9ESOWuq9KUe2R3NJcB3hy6RkKKM,frontend
https://www.linkedin.com/in/ACoAADXflEUBz234FVdT0JoY2hJEyFgvXlOivqQ,frontend
https://www.linkedin.com/in/lubarog13,frontend
https://www.linkedin.com/in/lubarog13,frontend
https://www.linkedin.com/in/ACoAAAwULysB9ESOWuq9KUe2R3NJcB3hy6RkKKM,frontend
https://www.linkedin.com/in/yuribykov,frontend
https://www.linkedin.com/in/yuribykov,frontend
https://www.linkedin.com/in/ACoAAAwULysB9ESOWuq9KUe2R3NJcB3hy6RkKKM,frontend
https://www.linkedin.com/in/vladimir-ivancha,frontend
https://www.linkedin.com/in/vladimir-ivancha,frontend
https://www.linkedin.com/in/ACoAAAwULysB9ESOWuq9KUe2R3NJcB3hy6RkKKM,frontend
https://www.linkedin.com/in/ekaterina-dubovskaya-4b9aa5213,frontend
https://www.linkedin.com/in/ekaterina-dubovskaya-4b9aa5213,frontend
https://www.linkedin.com/in/ACoAAAwULysB9ESOWuq9KUe2R3NJcB3hy6RkKKM,frontend
https://www.linkedin.com/in/ganarm,frontend
https://www.linkedin.com/in/ganarm,frontend
https://www.linkedin.com/in/ACoAAAwULysB9ESOWuq9KUe2R3NJcB3hy6RkKKM,frontend
https://www.linkedin.com/in/azamat-salkaev-a8768a235,frontend
https://www.linkedin.com/in/azamat-salkaev-a8768a235,frontend
https://www.linkedin.com/in/ACoAAAwULysB9ESOWuq9KUe2R3NJcB3hy6RkKKM,frontend
https://www.linkedin.com/in/margarita-shimanskaia-81424b23b,frontend
https://www.linkedin.com/in/margarita-shimanskaia-81424b23b,frontend
https://www.linkedin.com/in/ACoAAAwULysB9ESOWuq9KUe2R3NJcB3hy6RkKKM,frontend
https://www.linkedin.com/in/vladimir-ioshkin-959665258,frontend
https://www.linkedin.com/in/vladimir-ioshkin-959665258,frontend
https://www.linkedin.com/in/ACoAAAwULysB9ESOWuq9KUe2R3NJcB3hy6RkKKM,frontend
https://www.linkedin.com/in/maksim-sologubov-14a031241,frontend
https://www.linkedin.com/in/maksim-sologubov-14a031241,frontend
https://www.linkedin.com/in/ACoAAAwULysB9ESOWuq9KUe2R3NJcB3hy6RkKKM,frontend
https://www.linkedin.com/in/svyatoslavkls,frontend
https://www.linkedin.com/in/svyatoslavkls,frontend
https://www.linkedin.com/in/ACoAABXWIn0ByIK8rB-AqtFvZ7pnq71QD2Axp0k,frontend
https://www.linkedin.com/in/ACoAAEAtkocBP-DgePbCCProATR-VbMurBh7STQ,frontend
https://www.linkedin.com/in/vadim-akulenko,frontend
https://www.linkedin.com/in/vadim-akulenko,frontend
https://www.linkedin.com/in/ACoAAAwULysB9ESOWuq9KUe2R3NJcB3hy6RkKKM,frontend
https://www.linkedin.com/in/danilmet,frontend
https://www.linkedin.com/in/danilmet,frontend
https://www.linkedin.com/in/ACoAAAwULysB9ESOWuq9KUe2R3NJcB3hy6RkKKM,frontend
https://www.linkedin.com/in/malivartti,frontend
https://www.linkedin.com/in/malivartti,frontend
https://www.linkedin.com/in/ACoAAAwULysB9ESOWuq9KUe2R3NJcB3hy6RkKKM,frontend
